mode,width,height,samples,max_depth,extra_objects,object_count,thread_count,bvh,threads,gpu,scene_ms,bvh_ms,setup_ms,render_ms_mean,render_ms_stddev,total_ms_mean,total_ms_stddev,thread_launch_ms_mean,thread_launch_ms_stddev,gpu_ms_mean,gpu_ms_stddev,max_mem_mb,runs,warmup_runs,parallel_units,primary_rays,traced_rays,rays_per_sec,rays_per_thread,speedup,efficiency,run_id,cpu_model,os_name,compiler,hw_threads,timestamp,status
original,320,180,10,10,0,18,1,0,0,0,0.015375,0,0.015375,3456.24,39.1188,3456.25,39.1146,0,0,0,0,2.25085,3,1,1,576000,3.3917e+06,981325,981325,1,1,2026-01-30T17:23:36-ed540bb24003,"Apple M1","Darwin 25.2.0","clang 17.0.0 (clang-1700.6.3.2)",8,2026-01-30T17:23:36,ok
bvh,320,180,10,10,0,18,1,1,0,0,0.0147363,0.00501367,0.01975,1282.99,50.2479,1283,50.249,0,0,0,0,2.32898,3,1,1,576000,3.39387e+06,2.64529e+06,2.64529e+06,2.6939,2.6939,2026-01-30T17:23:36-ed540bb24003,"Apple M1","Darwin 25.2.0","clang 17.0.0 (clang-1700.6.3.2)",8,2026-01-30T17:23:51,ok
bvh-mt,320,180,10,10,0,18,1,1,1,0,0.0134307,0.00491667,0.0183473,1403.24,48.6708,1403.25,48.6708,0,0,0,0,2.32898,3,1,1,576000,3.39075e+06,2.41638e+06,2.41638e+06,2.46305,2.46305,2026-01-30T17:23:36-ed540bb24003,"Apple M1","Darwin 25.2.0","clang 17.0.0 (clang-1700.6.3.2)",8,2026-01-30T17:23:56,ok
gpu,320,180,10,10,0,18,0,0,0,1,0.0194447,0,0.0194447,121.325,20.9449,121.345,20.9582,0,0,108.99,3.37711,5.65759,3,1,8,576000,576000,4.74757e+06,593446,28.4874,3.56092,2026-01-30T17:23:36-ed540bb24003,"Apple M1","Darwin 25.2.0","clang 17.0.0 (clang-1700.6.3.2)",8,2026-01-30T17:24:01,ok
original,320,180,10,10,0,18,2,0,0,0,0.0198747,0,0.0198747,3422.83,38.3658,3422.85,38.3796,0,0,0,0,5.12634,3,1,1,576000,3.39083e+06,990652,990652,1,1,2026-01-30T17:23:36-ed540bb24003,"Apple M1","Darwin 25.2.0","clang 17.0.0 (clang-1700.6.3.2)",8,2026-01-30T17:24:02,ok
bvh,320,180,10,10,0,18,2,1,0,0,0.0192917,0.00794433,0.027236,1330.72,104.825,1330.74,104.818,0,0,0,0,5.14197,3,1,1,576000,3.3913e+06,2.54847e+06,2.54847e+06,2.57217,2.57217,2026-01-30T17:23:36-ed540bb24003,"Apple M1","Darwin 25.2.0","clang 17.0.0 (clang-1700.6.3.2)",8,2026-01-30T17:24:16,ok
bvh-mt,320,180,10,10,0,18,2,1,1,0,0.0111943,0.00504167,0.016236,707.012,21.6766,707.028,21.6793,0.0232083,0.00032515,0,0,5.17322,3,1,2,576000,3.39023e+06,4.79516e+06,2.39758e+06,4.84126,2.42063,2026-01-30T17:23:36-ed540bb24003,"Apple M1","Darwin 25.2.0","clang 17.0.0 (clang-1700.6.3.2)",8,2026-01-30T17:24:21,ok
gpu,320,180,10,10,0,18,0,0,0,1,0.0260277,0,0.0260277,109.896,0.934181,109.922,0.943811,0,0,106.343,0.168412,5.84509,3,1,8,576000,576000,5.24132e+06,655165,31.1461,3.89326,2026-01-30T17:23:36-ed540bb24003,"Apple M1","Darwin 25.2.0","clang 17.0.0 (clang-1700.6.3.2)",8,2026-01-30T17:24:24,ok
original,320,180,10,10,0,18,3,0,0,0,0.0173333,0,0.0173333,3438.57,69.9731,3438.59,69.9668,0,0,0,0,5.57947,3,1,1,576000,3.39133e+06,986262,986262,1,1,2026-01-30T17:23:36-ed540bb24003,"Apple M1","Darwin 25.2.0","clang 17.0.0 (clang-1700.6.3.2)",8,2026-01-30T17:24:25,ok
bvh,320,180,10,10,0,18,3,1,0,0,0.0143473,0.005208,0.0195553,1311.12,50.0729,1311.14,50.0715,0,0,0,0,5.48572,3,1,1,576000,3.39061e+06,2.58604e+06,2.58604e+06,2.62262,2.62262,2026-01-30T17:23:36-ed540bb24003,"Apple M1","Darwin 25.2.0","clang 17.0.0 (clang-1700.6.3.2)",8,2026-01-30T17:24:38,ok
bvh-mt,320,180,10,10,0,18,3,1,1,0,0.00895833,0.004847,0.0138053,568.604,47.6646,568.618,47.6671,0.0267917,0.00249439,0,0,5.51697,3,1,3,576000,3.39054e+06,5.96292e+06,1.98764e+06,6.04739,2.0158,2026-01-30T17:23:36-ed540bb24003,"Apple M1","Darwin 25.2.0","clang 17.0.0 (clang-1700.6.3.2)",8,2026-01-30T17:24:44,ok
gpu,320,180,10,10,0,18,0,0,0,1,0.0169723,0,0.0169723,109.415,1.52082,109.432,1.51837,0,0,106.144,0.0534024,5.95447,3,1,8,576000,576000,5.26437e+06,658047,31.427,3.92837,2026-01-30T17:23:36-ed540bb24003,"Apple M1","Darwin 25.2.0","clang 17.0.0 (clang-1700.6.3.2)",8,2026-01-30T17:24:46,ok
original,320,180,10,10,0,18,4,0,0,0,0.017708,0,0.017708,3423.24,18.3013,3423.25,18.2865,0,0,0,0,5.42322,3,1,1,576000,3.39255e+06,991036,991036,1,1,2026-01-30T17:23:36-ed540bb24003,"Apple M1","Darwin 25.2.0","clang 17.0.0 (clang-1700.6.3.2)",8,2026-01-30T17:24:47,ok
bvh,320,180,10,10,0,18,4,1,0,0,0.0104863,0.005736,0.0162223,1337.69,104.203,1337.7,104.204,0,0,0,0,5.42322,3,1,1,576000,3.39404e+06,2.53725e+06,2.53725e+06,2.55907,2.55907,2026-01-30T17:23:36-ed540bb24003,"Apple M1","Darwin 25.2.0","clang 17.0.0 (clang-1700.6.3.2)",8,2026-01-30T17:25:00,ok
bvh-mt,320,180,10,10,0,18,4,1,1,0,0.0114167,0.006125,0.0175417,496.647,73.401,496.664,73.3981,0.037389,0.00277542,0,0,5.42322,3,1,4,576000,3.38998e+06,6.82574e+06,1.70643e+06,6.8927,1.72317,2026-01-30T17:23:36-ed540bb24003,"Apple M1","Darwin 25.2.0","clang 17.0.0 (clang-1700.6.3.2)",8,2026-01-30T17:25:05,ok
gpu,320,180,10,10,0,18,0,0,0,1,0.0232917,0,0.0232917,109.759,0.873867,109.782,0.878418,0,0,106.548,0.235772,5.95447,3,1,8,576000,576000,5.24786e+06,655982,31.1887,3.89858,2026-01-30T17:23:36-ed540bb24003,"Apple M1","Darwin 25.2.0","clang 17.0.0 (clang-1700.6.3.2)",8,2026-01-30T17:25:07,ok
original,320,180,10,10,0,18,5,0,0,0,0.012,0,0.012,3421.03,21.4942,3421.04,21.4972,0,0,0,0,5.68884,3,1,1,576000,3.39112e+06,991259,991259,1,1,2026-01-30T17:23:36-ed540bb24003,"Apple M1","Darwin 25.2.0","clang 17.0.0 (clang-1700.6.3.2)",8,2026-01-30T17:25:08,ok
bvh,320,180,10,10,0,18,5,1,0,0,0.013681,0.005111,0.018792,1392.49,189.471,1392.51,189.472,0,0,0,0,5.68884,3,1,1,576000,3.39037e+06,2.43475e+06,2.43475e+06,2.45676,2.45676,2026-01-30T17:23:36-ed540bb24003,"Apple M1","Darwin 25.2.0","clang 17.0.0 (clang-1700.6.3.2)",8,2026-01-30T17:25:22,ok
bvh-mt,320,180,10,10,0,18,5,1,1,0,0.00888867,0.00602767,0.0149163,469.155,38.3828,469.17,38.3809,0.0502223,0.0149342,0,0,5.59509,3,1,5,576000,3.39025e+06,7.22629e+06,1.44526e+06,7.29189,1.45838,2026-01-30T17:23:36-ed540bb24003,"Apple M1","Darwin 25.2.0","clang 17.0.0 (clang-1700.6.3.2)",8,2026-01-30T17:25:27,ok
gpu,320,180,10,10,0,18,0,0,0,1,0.0213613,0,0.0213613,109.617,1.12348,109.638,1.13943,0,0,106.291,0.325077,6.00134,3,1,8,576000,576000,5.25467e+06,656833,31.2089,3.90112,2026-01-30T17:23:36-ed540bb24003,"Apple M1","Darwin 25.2.0","clang 17.0.0 (clang-1700.6.3.2)",8,2026-01-30T17:25:29,ok
original,320,180,10,10,0,18,6,0,0,0,0.0109723,0,0.0109723,3424.99,17.1243,3425,17.1222,0,0,0,0,5.73572,3,1,1,576000,3.39243e+06,990493,990493,1,1,2026-01-30T17:23:36-ed540bb24003,"Apple M1","Darwin 25.2.0","clang 17.0.0 (clang-1700.6.3.2)",8,2026-01-30T17:25:29,ok
bvh,320,180,10,10,0,18,6,1,0,0,0.011055,0.005778,0.016833,1345.26,105.682,1345.27,105.681,0,0,0,0,5.47009,3,1,1,576000,3.39155e+06,2.52111e+06,2.52111e+06,2.54597,2.54597,2026-01-30T17:23:36-ed540bb24003,"Apple M1","Darwin 25.2.0","clang 17.0.0 (clang-1700.6.3.2)",8,2026-01-30T17:25:43,ok
bvh-mt,320,180,10,10,0,18,6,1,1,0,0.00977767,0.00669433,0.016472,422.473,17.4179,422.489,17.421,0.0481947,0.00362081,0,0,5.48572,3,1,6,576000,3.39242e+06,8.0299e+06,1.33832e+06,8.107,1.35117,2026-01-30T17:23:36-ed540bb24003,"Apple M1","Darwin 25.2.0","clang 17.0.0 (clang-1700.6.3.2)",8,2026-01-30T17:25:49,ok
gpu,320,180,10,10,0,18,0,0,0,1,0.0233613,0,0.0233613,109.961,0.866641,109.984,0.871624,0,0,106.242,0.0862697,6.01697,3,1,8,576000,576000,5.23822e+06,654777,31.1473,3.89341,2026-01-30T17:23:36-ed540bb24003,"Apple M1","Darwin 25.2.0","clang 17.0.0 (clang-1700.6.3.2)",8,2026-01-30T17:25:50,ok
original,320,180,10,10,0,18,7,0,0,0,0.012319,0,0.012319,3460.4,38.6815,3460.42,38.6864,0,0,0,0,5.75134,3,1,1,576000,3.39193e+06,980212,980212,1,1,2026-01-30T17:23:36-ed540bb24003,"Apple M1","Darwin 25.2.0","clang 17.0.0 (clang-1700.6.3.2)",8,2026-01-30T17:25:51,ok
bvh,320,180,10,10,0,18,7,1,0,0,0.0190557,0.00518033,0.024236,1540.87,123.511,1540.9,123.523,0,0,0,0,5.65759,3,1,1,576000,3.39188e+06,2.20127e+06,2.20127e+06,2.24575,2.24575,2026-01-30T17:23:36-ed540bb24003,"Apple M1","Darwin 25.2.0","clang 17.0.0 (clang-1700.6.3.2)",8,2026-01-30T17:26:05,ok
bvh-mt,320,180,10,10,0,18,7,1,1,0,0.00805567,0.005014,0.0130697,441.727,36.3148,441.74,36.3154,0.0604307,0.00725099,0,0,5.65759,3,1,7,576000,3.3882e+06,7.67036e+06,1.09577e+06,7.83382,1.11912,2026-01-30T17:23:36-ed540bb24003,"Apple M1","Darwin 25.2.0","clang 17.0.0 (clang-1700.6.3.2)",8,2026-01-30T17:26:10,ok
gpu,320,180,10,10,0,18,0,0,0,1,0.0229723,0,0.0229723,109.975,1.179,109.998,1.18863,0,0,106.415,0.298238,6.01697,3,1,8,576000,576000,5.23754e+06,654692,31.4653,3.93316,2026-01-30T17:23:36-ed540bb24003,"Apple M1","Darwin 25.2.0","clang 17.0.0 (clang-1700.6.3.2)",8,2026-01-30T17:26:12,ok
original,320,180,10,10,0,18,8,0,0,0,0.017264,0,0.017264,3449.24,26.9935,3449.26,26.9818,0,0,0,0,5.48572,3,1,1,576000,3.3945e+06,984129,984129,1,1,2026-01-30T17:23:36-ed540bb24003,"Apple M1","Darwin 25.2.0","clang 17.0.0 (clang-1700.6.3.2)",8,2026-01-30T17:26:13,ok
bvh,320,180,10,10,0,18,8,1,0,0,0.00959667,0.00556967,0.0151663,1371.41,106.018,1371.43,106.02,0,0,0,0,5.65759,3,1,1,576000,3.39285e+06,2.47398e+06,2.47398e+06,2.5151,2.5151,2026-01-30T17:23:36-ed540bb24003,"Apple M1","Darwin 25.2.0","clang 17.0.0 (clang-1700.6.3.2)",8,2026-01-30T17:26:27,ok
bvh-mt,320,180,10,10,0,18,8,1,1,0,0.00819467,0.004917,0.0131117,441.853,39.0429,441.866,39.0424,0.0609167,0.00673224,0,0,5.65759,3,1,8,576000,3.392e+06,7.67677e+06,959596,7.80631,0.975789,2026-01-30T17:23:36-ed540bb24003,"Apple M1","Darwin 25.2.0","clang 17.0.0 (clang-1700.6.3.2)",8,2026-01-30T17:26:32,ok
gpu,320,180,10,10,0,18,0,0,0,1,0.0190277,0,0.0190277,109.681,1.17968,109.7,1.18489,0,0,106.668,0.549314,6.03259,3,1,8,576000,576000,5.25161e+06,656452,31.4481,3.93101,2026-01-30T17:23:36-ed540bb24003,"Apple M1","Darwin 25.2.0","clang 17.0.0 (clang-1700.6.3.2)",8,2026-01-30T17:26:34,ok
original,320,180,10,10,25,43,1,0,0,0,0.0189447,0,0.0189447,4302.36,5.02197,4302.38,5.03275,0,0,0,0,5.67322,3,1,1,576000,3.42185e+06,795344,795344,1,1,2026-01-30T17:23:36-ed540bb24003,"Apple M1","Darwin 25.2.0","clang 17.0.0 (clang-1700.6.3.2)",8,2026-01-30T17:26:34,ok
bvh,320,180,10,10,25,43,1,1,0,0,0.0123887,0.014042,0.0264307,1837.86,65.2178,1837.88,65.2185,0,0,0,0,5.67322,3,1,1,576000,3.42308e+06,1.86254e+06,1.86254e+06,2.34097,2.34097,2026-01-30T17:23:36-ed540bb24003,"Apple M1","Darwin 25.2.0","clang 17.0.0 (clang-1700.6.3.2)",8,2026-01-30T17:26:52,ok
bvh-mt,320,180,10,10,25,43,1,1,1,0,0.012097,0.0156807,0.0277777,1640.74,49.3041,1640.76,49.3079,0,0,0,0,5.40759,3,1,1,576000,3.42279e+06,2.08613e+06,2.08613e+06,2.62221,2.62221,2026-01-30T17:23:36-ed540bb24003,"Apple M1","Darwin 25.2.0","clang 17.0.0 (clang-1700.6.3.2)",8,2026-01-30T17:26:59,ok
gpu,320,180,10,10,25,43,0,0,0,1,0.035986,0,0.035986,136.787,1.69732,136.823,1.70946,0,0,132.695,1.76396,6.03259,3,1,8,576000,576000,4.21093e+06,526366,31.453,3.93163,2026-01-30T17:23:36-ed540bb24003,"Apple M1","Darwin 25.2.0","clang 17.0.0 (clang-1700.6.3.2)",8,2026-01-30T17:27:05,ok
original,320,180,10,10,25,43,2,0,0,0,0.0198887,0,0.0198887,4314.12,16.0286,4314.14,16.0238,0,0,0,0,5.76697,3,1,1,576000,3.4245e+06,793788,793788,1,1,2026-01-30T17:23:36-ed540bb24003,"Apple M1","Darwin 25.2.0","clang 17.0.0 (clang-1700.6.3.2)",8,2026-01-30T17:27:06,ok
bvh,320,180,10,10,25,43,2,1,0,0,0.00986133,0.014653,0.0245143,1680.96,82.2471,1680.98,82.2445,0,0,0,0,5.67322,3,1,1,576000,3.42355e+06,2.03667e+06,2.03667e+06,2.56647,2.56647,2026-01-30T17:23:36-ed540bb24003,"Apple M1","Darwin 25.2.0","clang 17.0.0 (clang-1700.6.3.2)",8,2026-01-30T17:27:23,ok
bvh-mt,320,180,10,10,25,43,2,1,1,0,0.00995833,0.0166667,0.026625,853.465,57.6581,853.492,57.661,0.026472,0.00666437,0,0,5.42322,3,1,2,576000,3.42288e+06,4.01057e+06,2.00529e+06,5.05483,2.52742,2026-01-30T17:23:36-ed540bb24003,"Apple M1","Darwin 25.2.0","clang 17.0.0 (clang-1700.6.3.2)",8,2026-01-30T17:27:30,ok
gpu,320,180,10,10,25,43,0,0,0,1,0.0357913,0,0.0357913,135.918,0.577519,135.954,0.591924,0,0,132.06,0.266639,6.06384,3,1,8,576000,576000,4.23784e+06,529730,31.7406,3.96757,2026-01-30T17:23:36-ed540bb24003,"Apple M1","Darwin 25.2.0","clang 17.0.0 (clang-1700.6.3.2)",8,2026-01-30T17:27:33,ok
original,320,180,10,10,25,43,3,0,0,0,0.018903,0,0.018903,4302.79,11.9284,4302.81,11.9141,0,0,0,0,5.79822,3,1,1,576000,3.42406e+06,795777,795777,1,1,2026-01-30T17:23:36-ed540bb24003,"Apple M1","Darwin 25.2.0","clang 17.0.0 (clang-1700.6.3.2)",8,2026-01-30T17:27:34,ok
bvh,320,180,10,10,25,43,3,1,0,0,0.0111247,0.0154863,0.026611,1592.74,134.394,1592.77,134.396,0,0,0,0,5.70447,3,1,1,576000,3.42391e+06,2.1497e+06,2.1497e+06,2.7015,2.7015,2026-01-30T17:23:36-ed540bb24003,"Apple M1","Darwin 25.2.0","clang 17.0.0 (clang-1700.6.3.2)",8,2026-01-30T17:27:51,ok
bvh-mt,320,180,10,10,25,43,3,1,1,0,0.0116807,0.0132363,0.024917,719.415,21.0303,719.44,21.0322,0.0287917,0.001125,0,0,5.43884,3,1,3,576000,3.42291e+06,4.75791e+06,1.58597e+06,5.98095,1.99365,2026-01-30T17:23:36-ed540bb24003,"Apple M1","Darwin 25.2.0","clang 17.0.0 (clang-1700.6.3.2)",8,2026-01-30T17:27:57,ok
gpu,320,180,10,10,25,43,0,0,0,1,0.0264167,0,0.0264167,134.974,0.813688,135.001,0.824513,0,0,131.757,0.234834,6.06384,3,1,8,576000,576000,4.26748e+06,533435,31.8786,3.98482,2026-01-30T17:23:36-ed540bb24003,"Apple M1","Darwin 25.2.0","clang 17.0.0 (clang-1700.6.3.2)",8,2026-01-30T17:28:00,ok
original,320,180,10,10,25,43,4,0,0,0,0.0127503,0,0.0127503,4320.02,13.8704,4320.03,13.8681,0,0,0,0,5.79822,3,1,1,576000,3.42109e+06,791916,791916,1,1,2026-01-30T17:23:36-ed540bb24003,"Apple M1","Darwin 25.2.0","clang 17.0.0 (clang-1700.6.3.2)",8,2026-01-30T17:28:01,ok
bvh,320,180,10,10,25,43,4,1,0,0,0.0191393,0.013819,0.0329583,1744.93,56.182,1744.97,56.1956,0,0,0,0,5.70447,3,1,1,576000,3.42321e+06,1.9618e+06,1.9618e+06,2.47575,2.47575,2026-01-30T17:23:36-ed540bb24003,"Apple M1","Darwin 25.2.0","clang 17.0.0 (clang-1700.6.3.2)",8,2026-01-30T17:28:18,ok
bvh-mt,320,180,10,10,25,43,4,1,1,0,0.0121667,0.017042,0.0292087,543.221,47.6839,543.251,47.6814,0.0338753,0.00696651,0,0,5.70447,3,1,4,576000,3.42267e+06,6.30069e+06,1.57517e+06,7.9526,1.98815,2026-01-30T17:23:36-ed540bb24003,"Apple M1","Darwin 25.2.0","clang 17.0.0 (clang-1700.6.3.2)",8,2026-01-30T17:28:25,ok
gpu,320,180,10,10,25,43,0,0,0,1,0.041417,0,0.041417,136.321,1.7519,136.362,1.77308,0,0,132.178,0.840612,6.07947,3,1,8,576000,576000,4.22533e+06,528166,31.6901,3.96126,2026-01-30T17:23:36-ed540bb24003,"Apple M1","Darwin 25.2.0","clang 17.0.0 (clang-1700.6.3.2)",8,2026-01-30T17:28:27,ok
original,320,180,10,10,25,43,5,0,0,0,0.016236,0,0.016236,4307.18,24.6238,4307.2,24.6163,0,0,0,0,5.81384,3,1,1,576000,3.42507e+06,795199,795199,1,1,2026-01-30T17:23:36-ed540bb24003,"Apple M1","Darwin 25.2.0","clang 17.0.0 (clang-1700.6.3.2)",8,2026-01-30T17:28:27,ok
bvh,320,180,10,10,25,43,5,1,0,0,0.00966667,0.0141667,0.0238333,1660.94,30.8439,1660.96,30.8431,0,0,0,0,5.45447,3,1,1,576000,3.42338e+06,2.06112e+06,2.06112e+06,2.59323,2.59323,2026-01-30T17:23:36-ed540bb24003,"Apple M1","Darwin 25.2.0","clang 17.0.0 (clang-1700.6.3.2)",8,2026-01-30T17:28:45,ok
bvh-mt,320,180,10,10,25,43,5,1,1,0,0.00931967,0.0145833,0.023903,523.951,45.0031,523.975,45.0023,0.042403,0.00365383,0,0,5.45447,3,1,5,576000,3.42225e+06,6.53161e+06,1.30632e+06,8.22058,1.64412,2026-01-30T17:23:36-ed540bb24003,"Apple M1","Darwin 25.2.0","clang 17.0.0 (clang-1700.6.3.2)",8,2026-01-30T17:28:51,ok
gpu,320,180,10,10,25,43,0,0,0,1,0.0389583,0,0.0389583,136.672,1.48593,136.711,1.4976,0,0,132.316,0.440648,6.07947,3,1,8,576000,576000,4.21446e+06,526808,31.5147,3.93934,2026-01-30T17:23:36-ed540bb24003,"Apple M1","Darwin 25.2.0","clang 17.0.0 (clang-1700.6.3.2)",8,2026-01-30T17:28:53,ok
original,320,180,10,10,25,43,6,0,0,0,0.024889,0,0.024889,4318.1,24.5439,4318.13,24.5313,0,0,0,0,5.81384,3,1,1,576000,3.42044e+06,792116,792116,1,1,2026-01-30T17:23:36-ed540bb24003,"Apple M1","Darwin 25.2.0","clang 17.0.0 (clang-1700.6.3.2)",8,2026-01-30T17:28:54,ok
bvh,320,180,10,10,25,43,6,1,0,0,0.011236,0.0150553,0.0262913,1626.05,93.5078,1626.08,93.5108,0,0,0,0,5.72009,3,1,1,576000,3.42222e+06,2.10462e+06,2.10462e+06,2.65558,2.65558,2026-01-30T17:23:36-ed540bb24003,"Apple M1","Darwin 25.2.0","clang 17.0.0 (clang-1700.6.3.2)",8,2026-01-30T17:29:11,ok
bvh-mt,320,180,10,10,25,43,6,1,1,0,0.00941667,0.014236,0.0236527,498.512,5.55723,498.536,5.55603,0.046278,0.00108776,0,0,5.45447,3,1,6,576000,3.42304e+06,6.86651e+06,1.14442e+06,8.66198,1.44366,2026-01-30T17:23:36-ed540bb24003,"Apple M1","Darwin 25.2.0","clang 17.0.0 (clang-1700.6.3.2)",8,2026-01-30T17:29:18,ok
gpu,320,180,10,10,25,43,0,0,0,1,0.0305973,0,0.0305973,137.228,1.59478,137.258,1.5911,0,0,133.733,1.87875,6.07947,3,1,8,576000,576000,4.1974e+06,524675,31.4667,3.93334,2026-01-30T17:23:36-ed540bb24003,"Apple M1","Darwin 25.2.0","clang 17.0.0 (clang-1700.6.3.2)",8,2026-01-30T17:29:20,ok
original,320,180,10,10,25,43,7,0,0,0,0.0261113,0,0.0261113,4352.73,39.9313,4352.76,39.916,0,0,0,0,5.81384,3,1,1,576000,3.42204e+06,786182,786182,1,1,2026-01-30T17:23:36-ed540bb24003,"Apple M1","Darwin 25.2.0","clang 17.0.0 (clang-1700.6.3.2)",8,2026-01-30T17:29:20,ok
bvh,320,180,10,10,25,43,7,1,0,0,0.0116667,0.015,0.0266667,1688.6,202.1,1688.62,202.102,0,0,0,0,5.72009,3,1,1,576000,3.4261e+06,2.02896e+06,2.02896e+06,2.57772,2.57772,2026-01-30T17:23:36-ed540bb24003,"Apple M1","Darwin 25.2.0","clang 17.0.0 (clang-1700.6.3.2)",8,2026-01-30T17:29:38,ok
bvh-mt,320,180,10,10,25,43,7,1,1,0,0.00968033,0.013778,0.0234583,476.569,11.5152,476.592,11.5143,0.061792,0.00297315,0,0,5.72009,3,1,7,576000,3.42729e+06,7.1916e+06,1.02737e+06,9.13348,1.30478,2026-01-30T17:23:36-ed540bb24003,"Apple M1","Darwin 25.2.0","clang 17.0.0 (clang-1700.6.3.2)",8,2026-01-30T17:29:44,ok
gpu,320,180,10,10,25,43,0,0,0,1,0.031861,0,0.031861,136.438,2.04696,136.47,2.05783,0,0,132.772,1.53358,6.07947,3,1,8,576000,576000,4.2217e+06,527713,31.9027,3.98784,2026-01-30T17:23:36-ed540bb24003,"Apple M1","Darwin 25.2.0","clang 17.0.0 (clang-1700.6.3.2)",8,2026-01-30T17:29:46,ok
original,320,180,10,10,25,43,8,0,0,0,0.0213197,0,0.0213197,4323.92,44.4282,4323.94,44.4245,0,0,0,0,5.54822,3,1,1,576000,3.42178e+06,791360,791360,1,1,2026-01-30T17:23:36-ed540bb24003,"Apple M1","Darwin 25.2.0","clang 17.0.0 (clang-1700.6.3.2)",8,2026-01-30T17:29:47,ok
bvh,320,180,10,10,25,43,8,1,0,0,0.0125,0.0178747,0.0303747,1669.53,66.4174,1669.56,66.4192,0,0,0,0,5.54822,3,1,1,576000,3.42317e+06,2.05039e+06,2.05039e+06,2.58991,2.58991,2026-01-30T17:23:36-ed540bb24003,"Apple M1","Darwin 25.2.0","clang 17.0.0 (clang-1700.6.3.2)",8,2026-01-30T17:30:04,ok
bvh-mt,320,180,10,10,25,43,8,1,1,0,0.00918067,0.0138753,0.023056,488.956,37.0752,488.979,37.0765,0.0696107,0.00269609,0,0,5.54822,3,1,8,576000,3.42213e+06,6.99884e+06,874855,8.84316,1.1054,2026-01-30T17:23:36-ed540bb24003,"Apple M1","Darwin 25.2.0","clang 17.0.0 (clang-1700.6.3.2)",8,2026-01-30T17:30:11,ok
gpu,320,180,10,10,25,43,0,0,0,1,0.02075,0,0.02075,135.648,1.52317,135.669,1.52095,0,0,132.841,1.65031,6.07947,3,1,8,576000,576000,4.24629e+06,530786,31.8761,3.98451,2026-01-30T17:23:36-ed540bb24003,"Apple M1","Darwin 25.2.0","clang 17.0.0 (clang-1700.6.3.2)",8,2026-01-30T17:30:13,ok
original,320,180,10,10,100,118,1,0,0,0,0.0356527,0,0.0356527,6758.04,79.473,6758.08,79.4713,0,0,0,0,5.81384,3,1,1,576000,3.46138e+06,512187,512187,1,1,2026-01-30T17:23:36-ed540bb24003,"Apple M1","Darwin 25.2.0","clang 17.0.0 (clang-1700.6.3.2)",8,2026-01-30T17:30:13,ok
bvh,320,180,10,10,100,118,1,1,0,0,0.0164307,0.0381107,0.0545413,2295.26,292.194,2295.31,292.19,0,0,0,0,5.47009,3,1,1,576000,3.46152e+06,1.50812e+06,1.50812e+06,2.94435,2.94435,2026-01-30T17:23:36-ed540bb24003,"Apple M1","Darwin 25.2.0","clang 17.0.0 (clang-1700.6.3.2)",8,2026-01-30T17:30:41,ok
bvh-mt,320,180,10,10,100,118,1,1,1,0,0.0214863,0.0387087,0.060195,2542.74,79.8007,2542.8,79.8086,0,0,0,0,5.47009,3,1,1,576000,3.46179e+06,1.36144e+06,1.36144e+06,2.65778,2.65778,2026-01-30T17:23:36-ed540bb24003,"Apple M1","Darwin 25.2.0","clang 17.0.0 (clang-1700.6.3.2)",8,2026-01-30T17:30:50,ok
gpu,320,180,10,10,100,118,0,0,0,1,0.021917,0,0.021917,220.681,1.91149,220.703,1.90424,0,0,213.176,2.75192,6.09509,3,1,8,576000,576000,2.6101e+06,326262,30.6235,3.82794,2026-01-30T17:23:36-ed540bb24003,"Apple M1","Darwin 25.2.0","clang 17.0.0 (clang-1700.6.3.2)",8,2026-01-30T17:31:00,ok
original,320,180,10,10,100,118,2,0,0,0,0.057,0,0.057,6835.81,108.4,6835.87,108.381,0,0,0,0,5.82947,3,1,1,576000,3.4646e+06,506830,506830,1,1,2026-01-30T17:23:36-ed540bb24003,"Apple M1","Darwin 25.2.0","clang 17.0.0 (clang-1700.6.3.2)",8,2026-01-30T17:31:01,ok
bvh,320,180,10,10,100,118,2,1,0,0,0.016,0.0399583,0.0559583,2177.31,137.083,2177.37,137.077,0,0,0,0,5.47009,3,1,1,576000,3.46255e+06,1.59028e+06,1.59028e+06,3.13956,3.13956,2026-01-30T17:23:36-ed540bb24003,"Apple M1","Darwin 25.2.0","clang 17.0.0 (clang-1700.6.3.2)",8,2026-01-30T17:31:28,ok
bvh-mt,320,180,10,10,100,118,2,1,1,0,0.0132777,0.043986,0.0572637,1094.01,42.1501,1094.07,42.1452,0.0217643,0.00359632,0,0,5.47009,3,1,2,576000,3.46458e+06,3.16685e+06,1.58343e+06,6.24838,3.12419,2026-01-30T17:23:36-ed540bb24003,"Apple M1","Darwin 25.2.0","clang 17.0.0 (clang-1700.6.3.2)",8,2026-01-30T17:31:37,ok
gpu,320,180,10,10,100,118,0,0,0,1,0.0551807,0,0.0551807,216.331,2.81334,216.386,2.81489,0,0,211.965,2.86335,6.09509,3,1,8,576000,576000,2.66259e+06,332824,31.5989,3.94986,2026-01-30T17:23:36-ed540bb24003,"Apple M1","Darwin 25.2.0","clang 17.0.0 (clang-1700.6.3.2)",8,2026-01-30T17:31:41,ok
original,320,180,10,10,100,118,3,0,0,0,0.032847,0,0.032847,6811.36,110.932,6811.39,110.928,0,0,0,0,5.82947,3,1,1,576000,3.46109e+06,508135,508135,1,1,2026-01-30T17:23:36-ed540bb24003,"Apple M1","Darwin 25.2.0","clang 17.0.0 (clang-1700.6.3.2)",8,2026-01-30T17:31:42,ok
bvh,320,180,10,10,100,118,3,1,0,0,0.0225,0.036514,0.059014,2263.93,307.966,2263.99,307.943,0,0,0,0,5.47009,3,1,1,576000,3.46316e+06,1.52971e+06,1.52971e+06,3.00864,3.00864,2026-01-30T17:23:36-ed540bb24003,"Apple M1","Darwin 25.2.0","clang 17.0.0 (clang-1700.6.3.2)",8,2026-01-30T17:32:09,ok
bvh-mt,320,180,10,10,100,118,3,1,1,0,0.01675,0.0386387,0.0553887,932.045,130.642,932.1,130.634,0.035,0.00463816,0,0,5.47009,3,1,3,576000,3.46336e+06,3.71587e+06,1.23862e+06,7.30797,2.43599,2026-01-30T17:23:36-ed540bb24003,"Apple M1","Darwin 25.2.0","clang 17.0.0 (clang-1700.6.3.2)",8,2026-01-30T17:32:18,ok
gpu,320,180,10,10,100,118,0,0,0,1,0.0505553,0,0.0505553,217.535,1.9516,217.585,1.95369,0,0,213.245,2.19838,6.09509,3,1,8,576000,576000,2.64786e+06,330982,31.3116,3.91395,2026-01-30T17:23:36-ed540bb24003,"Apple M1","Darwin 25.2.0","clang 17.0.0 (clang-1700.6.3.2)",8,2026-01-30T17:32:22,ok
original,320,180,10,10,100,118,4,0,0,0,0.024042,0,0.024042,6717.53,32.1179,6717.55,32.1238,0,0,0,0,5.82947,3,1,1,576000,3.45935e+06,514974,514974,1,1,2026-01-30T17:23:36-ed540bb24003,"Apple M1","Darwin 25.2.0","clang 17.0.0 (clang-1700.6.3.2)",8,2026-01-30T17:32:23,ok
bvh,320,180,10,10,100,118,4,1,0,0,0.0122497,0.0353053,0.047555,2121.92,349.018,2121.97,349.013,0,0,0,0,5.47009,3,1,1,576000,3.45967e+06,1.63044e+06,1.63044e+06,3.16577,3.16577,2026-01-30T17:23:36-ed540bb24003,"Apple M1","Darwin 25.2.0","clang 17.0.0 (clang-1700.6.3.2)",8,2026-01-30T17:32:50,ok
bvh-mt,320,180,10,10,100,118,4,1,1,0,0.0125693,0.0427637,0.055333,688.375,127.972,688.43,127.97,0.0348193,0.00300049,0,0,5.47009,3,1,4,576000,3.46303e+06,5.03074e+06,1.25768e+06,9.75854,2.43964,2026-01-30T17:23:36-ed540bb24003,"Apple M1","Darwin 25.2.0","clang 17.0.0 (clang-1700.6.3.2)",8,2026-01-30T17:32:59,ok
gpu,320,180,10,10,100,118,0,0,0,1,0.0362783,0,0.0362783,222.465,8.25141,222.501,8.24799,0,0,219.334,8.57496,6.09509,3,1,8,576000,576000,2.58918e+06,323647,30.1959,3.77449,2026-01-30T17:23:36-ed540bb24003,"Apple M1","Darwin 25.2.0","clang 17.0.0 (clang-1700.6.3.2)",8,2026-01-30T17:33:01,ok
original,320,180,10,10,100,118,5,0,0,0,0.025,0,0.025,6728.19,10.5318,6728.22,10.5232,0,0,0,0,5.82947,3,1,1,576000,3.46233e+06,514600,514600,1,1,2026-01-30T17:23:36-ed540bb24003,"Apple M1","Darwin 25.2.0","clang 17.0.0 (clang-1700.6.3.2)",8,2026-01-30T17:33:02,ok
bvh,320,180,10,10,100,118,5,1,0,0,0.0179583,0.0467913,0.0647497,2136.01,122.485,2136.07,122.485,0,0,0,0,5.47009,3,1,1,576000,3.46308e+06,1.62129e+06,1.62129e+06,3.1499,3.1499,2026-01-30T17:23:36-ed540bb24003,"Apple M1","Darwin 25.2.0","clang 17.0.0 (clang-1700.6.3.2)",8,2026-01-30T17:33:29,ok
bvh-mt,320,180,10,10,100,118,5,1,1,0,0.0123473,0.0363887,0.048736,729.193,99.8138,729.242,99.8082,0.0380277,0.00527281,0,0,5.47009,3,1,5,576000,3.46207e+06,4.74781e+06,949561,9.2269,1.84538,2026-01-30T17:23:36-ed540bb24003,"Apple M1","Darwin 25.2.0","clang 17.0.0 (clang-1700.6.3.2)",8,2026-01-30T17:33:38,ok
gpu,320,180,10,10,100,118,0,0,0,1,0.050972,0,0.050972,215.92,1.5492,215.971,1.55862,0,0,212.372,1.2094,6.11072,3,1,8,576000,576000,2.66765e+06,333457,31.1606,3.89507,2026-01-30T17:23:36-ed540bb24003,"Apple M1","Darwin 25.2.0","clang 17.0.0 (clang-1700.6.3.2)",8,2026-01-30T17:33:41,ok
original,320,180,10,10,100,118,6,0,0,0,0.0171807,0,0.0171807,6727.12,39.2437,6727.14,39.2379,0,0,0,0,5.82947,3,1,1,576000,3.46233e+06,514682,514682,1,1,2026-01-30T17:23:36-ed540bb24003,"Apple M1","Darwin 25.2.0","clang 17.0.0 (clang-1700.6.3.2)",8,2026-01-30T17:33:42,ok
bvh,320,180,10,10,100,118,6,1,0,0,0.0135,0.0351667,0.0486667,2216,86.2973,2216.05,86.2966,0,0,0,0,5.56384,3,1,1,576000,3.46026e+06,1.56149e+06,1.56149e+06,3.0357,3.0357,2026-01-30T17:23:36-ed540bb24003,"Apple M1","Darwin 25.2.0","clang 17.0.0 (clang-1700.6.3.2)",8,2026-01-30T17:34:09,ok
bvh-mt,320,180,10,10,100,118,6,1,1,0,0.012111,0.0420417,0.0541527,622.626,45.9637,622.68,45.9599,0.0474863,0.00193625,0,0,5.56384,3,1,6,576000,3.46213e+06,5.56053e+06,926755,10.8044,1.80074,2026-01-30T17:23:36-ed540bb24003,"Apple M1","Darwin 25.2.0","clang 17.0.0 (clang-1700.6.3.2)",8,2026-01-30T17:34:18,ok
gpu,320,180,10,10,100,118,0,0,0,1,0.0482223,0,0.0482223,216.509,2.40571,216.557,2.41469,0,0,211.561,2.30739,6.09509,3,1,8,576000,576000,2.6604e+06,332549,31.0708,3.88386,2026-01-30T17:23:36-ed540bb24003,"Apple M1","Darwin 25.2.0","clang 17.0.0 (clang-1700.6.3.2)",8,2026-01-30T17:34:20,ok
original,320,180,10,10,100,118,7,0,0,0,0.0293893,0,0.0293893,6725.6,16.7287,6725.63,16.7169,0,0,0,0,5.82947,3,1,1,576000,3.4654e+06,515255,515255,1,1,2026-01-30T17:23:36-ed540bb24003,"Apple M1","Darwin 25.2.0","clang 17.0.0 (clang-1700.6.3.2)",8,2026-01-30T17:34:21,ok
bvh,320,180,10,10,100,118,7,1,0,0,0.015778,0.0388053,0.0545833,2198.38,248.16,2198.43,248.154,0,0,0,0,5.47009,3,1,1,576000,3.46182e+06,1.57472e+06,1.57472e+06,3.05935,3.05935,2026-01-30T17:23:36-ed540bb24003,"Apple M1","Darwin 25.2.0","clang 17.0.0 (clang-1700.6.3.2)",8,2026-01-30T17:34:48,ok
bvh-mt,320,180,10,10,100,118,7,1,1,0,0.012097,0.0481947,0.0602917,579.299,31.1087,579.36,31.1095,0.0619997,0.00565819,0,0,5.47009,3,1,7,576000,3.46465e+06,5.98075e+06,854393,11.6099,1.65856,2026-01-30T17:23:36-ed540bb24003,"Apple M1","Darwin 25.2.0","clang 17.0.0 (clang-1700.6.3.2)",8,2026-01-30T17:34:57,ok
gpu,320,180,10,10,100,118,0,0,0,1,0.035486,0,0.035486,218.076,5.61002,218.111,5.6018,0,0,215.16,6.10871,6.09509,3,1,8,576000,576000,2.64128e+06,330160,30.8406,3.85508,2026-01-30T17:23:36-ed540bb24003,"Apple M1","Darwin 25.2.0","clang 17.0.0 (clang-1700.6.3.2)",8,2026-01-30T17:34:59,ok
original,320,180,10,10,100,118,8,0,0,0,0.0379027,0,0.0379027,6731.32,26.6233,6731.36,26.6375,0,0,0,0,5.82947,3,1,1,576000,3.46249e+06,514385,514385,1,1,2026-01-30T17:23:36-ed540bb24003,"Apple M1","Darwin 25.2.0","clang 17.0.0 (clang-1700.6.3.2)",8,2026-01-30T17:35:00,ok
bvh,320,180,10,10,100,118,8,1,0,0,0.0198053,0.04207,0.0618753,2069.52,128.555,2069.58,128.55,0,0,0,0,5.47009,3,1,1,576000,3.46437e+06,1.674e+06,1.674e+06,3.2526,3.2526,2026-01-30T17:23:36-ed540bb24003,"Apple M1","Darwin 25.2.0","clang 17.0.0 (clang-1700.6.3.2)",8,2026-01-30T17:35:27,ok
bvh-mt,320,180,10,10,100,118,8,1,1,0,0.0144587,0.035764,0.0502227,655.424,44.7068,655.474,44.7035,0.062153,0.00336823,0,0,5.47009,3,1,8,576000,3.46243e+06,5.28273e+06,660342,10.2702,1.28377,2026-01-30T17:23:36-ed540bb24003,"Apple M1","Darwin 25.2.0","clang 17.0.0 (clang-1700.6.3.2)",8,2026-01-30T17:35:35,ok
gpu,320,180,10,10,100,118,0,0,0,1,0.052514,0,0.052514,217.417,3.14807,217.47,3.14041,0,0,212.794,2.86729,6.09509,3,1,8,576000,576000,2.64928e+06,331160,30.9604,3.87004,2026-01-30T17:23:36-ed540bb24003,"Apple M1","Darwin 25.2.0","clang 17.0.0 (clang-1700.6.3.2)",8,2026-01-30T17:35:38,ok
original,320,180,10,20,0,18,1,0,0,0,0.0181667,0,0.0181667,4692.38,74.9449,4692.4,74.9513,0,0,0,0,5.82947,3,1,1,576000,4.31558e+06,919700,919700,1,1,2026-01-30T17:23:36-ed540bb24003,"Apple M1","Darwin 25.2.0","clang 17.0.0 (clang-1700.6.3.2)",8,2026-01-30T17:35:39,ok
bvh,320,180,10,20,0,18,1,1,0,0,0.01175,0.004875,0.016625,1978.31,237.643,1978.33,237.638,0,0,0,0,5.47009,3,1,1,576000,4.31618e+06,2.18175e+06,2.18175e+06,2.37191,2.37191,2026-01-30T17:23:36-ed540bb24003,"Apple M1","Darwin 25.2.0","clang 17.0.0 (clang-1700.6.3.2)",8,2026-01-30T17:35:57,ok
bvh-mt,320,180,10,20,0,18,1,1,1,0,0.0159997,0.00845833,0.024458,1808.76,109.642,1808.79,109.65,0,0,0,0,5.47009,3,1,1,576000,4.30974e+06,2.3827e+06,2.3827e+06,2.59425,2.59425,2026-01-30T17:23:36-ed540bb24003,"Apple M1","Darwin 25.2.0","clang 17.0.0 (clang-1700.6.3.2)",8,2026-01-30T17:36:05,ok
gpu,320,180,10,20,0,18,0,0,0,1,0.028014,0,0.028014,213.417,3.26969,213.445,3.27288,0,0,209.488,2.4512,6.09509,3,1,8,576000,576000,2.69894e+06,337368,21.9869,2.74836,2026-01-30T17:23:36-ed540bb24003,"Apple M1","Darwin 25.2.0","clang 17.0.0 (clang-1700.6.3.2)",8,2026-01-30T17:36:13,ok
original,320,180,10,20,0,18,2,0,0,0,0.014736,0,0.014736,4645.43,18.8758,4645.44,18.8827,0,0,0,0,5.82947,3,1,1,576000,4.3191e+06,929754,929754,1,1,2026-01-30T17:23:36-ed540bb24003,"Apple M1","Darwin 25.2.0","clang 17.0.0 (clang-1700.6.3.2)",8,2026-01-30T17:36:14,ok
bvh,320,180,10,20,0,18,2,1,0,0,0.00966667,0.00534733,0.015014,2013.6,167.684,2013.62,167.684,0,0,0,0,5.73572,3,1,1,576000,4.32188e+06,2.14634e+06,2.14634e+06,2.30702,2.30702,2026-01-30T17:23:36-ed540bb24003,"Apple M1","Darwin 25.2.0","clang 17.0.0 (clang-1700.6.3.2)",8,2026-01-30T17:36:32,ok
bvh-mt,320,180,10,20,0,18,2,1,1,0,0.008639,0.005014,0.013653,945.926,30.0514,945.94,30.0509,0.0210833,0.00244959,0,0,5.47009,3,1,2,576000,4.31607e+06,4.56279e+06,2.2814e+06,4.91098,2.45549,2026-01-30T17:23:36-ed540bb24003,"Apple M1","Darwin 25.2.0","clang 17.0.0 (clang-1700.6.3.2)",8,2026-01-30T17:36:40,ok
gpu,320,180,10,20,0,18,0,0,0,1,0.0296253,0,0.0296253,213.958,2.38347,213.988,2.38734,0,0,209.728,1.952,6.09509,3,1,8,576000,576000,2.69212e+06,336515,21.7119,2.71398,2026-01-30T17:23:36-ed540bb24003,"Apple M1","Darwin 25.2.0","clang 17.0.0 (clang-1700.6.3.2)",8,2026-01-30T17:36:44,ok
original,320,180,10,20,0,18,3,0,0,0,0.0174303,0,0.0174303,4668.68,48.2294,4668.7,48.2346,0,0,0,0,5.82947,3,1,1,576000,4.31774e+06,924829,924829,1,1,2026-01-30T17:23:36-ed540bb24003,"Apple M1","Darwin 25.2.0","clang 17.0.0 (clang-1700.6.3.2)",8,2026-01-30T17:36:45,ok
bvh,320,180,10,20,0,18,3,1,0,0,0.0277777,0.00497267,0.0327503,1768.78,73.8291,1768.81,73.8016,0,0,0,0,5.73572,3,1,1,576000,4.31421e+06,2.43909e+06,2.43909e+06,2.63949,2.63949,2026-01-30T17:23:36-ed540bb24003,"Apple M1","Darwin 25.2.0","clang 17.0.0 (clang-1700.6.3.2)",8,2026-01-30T17:37:04,ok
bvh-mt,320,180,10,20,0,18,3,1,1,0,0.0101667,0.00702767,0.0171943,860.28,80.042,860.297,80.0396,0.0380553,0.00393797,0,0,5.47009,3,1,3,576000,4.31434e+06,5.01504e+06,1.67168e+06,5.42694,1.80898,2026-01-30T17:23:36-ed540bb24003,"Apple M1","Darwin 25.2.0","clang 17.0.0 (clang-1700.6.3.2)",8,2026-01-30T17:37:11,ok
gpu,320,180,10,20,0,18,0,0,0,1,0.0260137,0,0.0260137,214.326,4.55355,214.352,4.56001,0,0,210.577,3.84875,6.09509,3,1,8,576000,576000,2.6875e+06,335937,21.7831,2.72289,2026-01-30T17:23:36-ed540bb24003,"Apple M1","Darwin 25.2.0","clang 17.0.0 (clang-1700.6.3.2)",8,2026-01-30T17:37:14,ok
original,320,180,10,20,0,18,4,0,0,0,0.0210833,0,0.0210833,4643.09,25.4183,4643.11,25.4068,0,0,0,0,5.82947,3,1,1,576000,4.31066e+06,928403,928403,1,1,2026-01-30T17:23:36-ed540bb24003,"Apple M1","Darwin 25.2.0","clang 17.0.0 (clang-1700.6.3.2)",8,2026-01-30T17:37:15,ok
bvh,320,180,10,20,0,18,4,1,0,0,0.0131387,0.00523633,0.018375,1746.63,91.0184,1746.65,91.0242,0,0,0,0,5.73572,3,1,1,576000,4.3163e+06,2.47121e+06,2.47121e+06,2.65831,2.65831,2026-01-30T17:23:36-ed540bb24003,"Apple M1","Darwin 25.2.0","clang 17.0.0 (clang-1700.6.3.2)",8,2026-01-30T17:37:34,ok
bvh-mt,320,180,10,20,0,18,4,1,1,0,0.011486,0.004847,0.016333,632.728,17.7346,632.744,17.7327,0.0383467,0.00487602,0,0,5.47009,3,1,4,576000,4.31474e+06,6.81927e+06,1.70482e+06,7.3382,1.83455,2026-01-30T17:23:36-ed540bb24003,"Apple M1","Darwin 25.2.0","clang 17.0.0 (clang-1700.6.3.2)",8,2026-01-30T17:37:41,ok
gpu,320,180,10,20,0,18,0,0,0,1,0.0130133,0,0.0130133,215.82,4.01215,215.833,4.01247,0,0,212.61,4.98205,6.09509,3,1,8,576000,576000,2.6689e+06,333612,21.5137,2.68922,2026-01-30T17:23:36-ed540bb24003,"Apple M1","Darwin 25.2.0","clang 17.0.0 (clang-1700.6.3.2)",8,2026-01-30T17:37:44,ok
original,320,180,10,20,0,18,5,0,0,0,0.022472,0,0.022472,4706.52,21.0585,4706.54,21.0492,0,0,0,0,5.82947,3,1,1,576000,4.31768e+06,917383,917383,1,1,2026-01-30T17:23:36-ed540bb24003,"Apple M1","Darwin 25.2.0","clang 17.0.0 (clang-1700.6.3.2)",8,2026-01-30T17:37:44,ok
bvh,320,180,10,20,0,18,5,1,0,0,0.01,0.00550033,0.0155003,2023.67,227.696,2023.68,227.696,0,0,0,0,5.73572,3,1,1,576000,4.31415e+06,2.13185e+06,2.13185e+06,2.32574,2.32574,2026-01-30T17:23:36-ed540bb24003,"Apple M1","Darwin 25.2.0","clang 17.0.0 (clang-1700.6.3.2)",8,2026-01-30T17:38:03,ok
bvh-mt,320,180,10,20,0,18,5,1,1,0,0.00823567,0.00544467,0.0136803,596.744,25.8191,596.758,25.8191,0.039611,0.001726,0,0,5.47009,3,1,5,576000,4.31395e+06,7.22915e+06,1.44583e+06,7.887,1.5774,2026-01-30T17:23:36-ed540bb24003,"Apple M1","Darwin 25.2.0","clang 17.0.0 (clang-1700.6.3.2)",8,2026-01-30T17:38:11,ok
gpu,320,180,10,20,0,18,0,0,0,1,0.027361,0,0.027361,214.343,3.70868,214.37,3.70348,0,0,209.527,2.27019,6.09509,3,1,8,576000,576000,2.68728e+06,335910,21.9579,2.74474,2026-01-30T17:23:36-ed540bb24003,"Apple M1","Darwin 25.2.0","clang 17.0.0 (clang-1700.6.3.2)",8,2026-01-30T17:38:14,ok
original,320,180,10,20,0,18,6,0,0,0,0.015264,0,0.015264,4639.21,14.0028,4639.22,14.0001,0,0,0,0,5.82947,3,1,1,576000,4.31693e+06,930533,930533,1,1,2026-01-30T17:23:36-ed540bb24003,"Apple M1","Darwin 25.2.0","clang 17.0.0 (clang-1700.6.3.2)",8,2026-01-30T17:38:15,ok
bvh,320,180,10,20,0,18,6,1,0,0,0.01475,0.005264,0.020014,1867.01,42.0843,1867.03,42.0871,0,0,0,0,5.73572,3,1,1,576000,4.31206e+06,2.30961e+06,2.30961e+06,2.48483,2.48483,2026-01-30T17:23:36-ed540bb24003,"Apple M1","Darwin 25.2.0","clang 17.0.0 (clang-1700.6.3.2)",8,2026-01-30T17:38:33,ok
bvh-mt,320,180,10,20,0,18,6,1,1,0,0.00780567,0.00480567,0.0126113,582.231,36.7398,582.244,36.7401,0.051208,0.00351444,0,0,5.47009,3,1,6,576000,4.31091e+06,7.40412e+06,1.23402e+06,7.96798,1.328,2026-01-30T17:23:36-ed540bb24003,"Apple M1","Darwin 25.2.0","clang 17.0.0 (clang-1700.6.3.2)",8,2026-01-30T17:38:41,ok
gpu,320,180,10,20,0,18,0,0,0,1,0.0307083,0,0.0307083,213.295,2.95758,213.326,2.96739,0,0,209.556,2.08696,6.09509,3,1,8,576000,576000,2.70048e+06,337561,21.7502,2.71877,2026-01-30T17:23:36-ed540bb24003,"Apple M1","Darwin 25.2.0","clang 17.0.0 (clang-1700.6.3.2)",8,2026-01-30T17:38:43,ok
original,320,180,10,20,0,18,7,0,0,0,0.0141807,0,0.0141807,4634.59,9.73609,4634.61,9.73465,0,0,0,0,5.82947,3,1,1,576000,4.31753e+06,931587,931587,1,1,2026-01-30T17:23:36-ed540bb24003,"Apple M1","Darwin 25.2.0","clang 17.0.0 (clang-1700.6.3.2)",8,2026-01-30T17:38:44,ok
bvh,320,180,10,20,0,18,7,1,0,0,0.0115973,0.005847,0.0174443,1835.69,111.565,1835.71,111.562,0,0,0,0,5.73572,3,1,1,576000,4.31344e+06,2.34976e+06,2.34976e+06,2.52471,2.52471,2026-01-30T17:23:36-ed540bb24003,"Apple M1","Darwin 25.2.0","clang 17.0.0 (clang-1700.6.3.2)",8,2026-01-30T17:39:03,ok
bvh-mt,320,180,10,20,0,18,7,1,1,0,0.007861,0.00481967,0.0126807,560.696,11.7639,560.709,11.7638,0.0602917,0.00546441,0,0,5.47009,3,1,7,576000,4.31931e+06,7.70347e+06,1.1005e+06,8.26578,1.18083,2026-01-30T17:23:36-ed540bb24003,"Apple M1","Darwin 25.2.0","clang 17.0.0 (clang-1700.6.3.2)",8,2026-01-30T17:39:10,ok
gpu,320,180,10,20,0,18,0,0,0,1,0.0353333,0,0.0353333,213.719,2.10897,213.754,2.09611,0,0,209.803,2.33525,6.09509,3,1,8,576000,576000,2.69513e+06,336891,21.6854,2.71068,2026-01-30T17:23:36-ed540bb24003,"Apple M1","Darwin 25.2.0","clang 17.0.0 (clang-1700.6.3.2)",8,2026-01-30T17:39:13,ok
original,320,180,10,20,0,18,8,0,0,0,0.0109723,0,0.0109723,4634.85,5.90676,4634.86,5.90363,0,0,0,0,5.82947,3,1,1,576000,4.31794e+06,931625,931625,1,1,2026-01-30T17:23:36-ed540bb24003,"Apple M1","Darwin 25.2.0","clang 17.0.0 (clang-1700.6.3.2)",8,2026-01-30T17:39:14,ok
bvh,320,180,10,20,0,18,8,1,0,0,0.0100837,0.005431,0.0155147,1869.01,166.235,1869.02,166.235,0,0,0,0,5.73572,3,1,1,576000,4.32018e+06,2.31148e+06,2.31148e+06,2.47984,2.47984,2026-01-30T17:23:36-ed540bb24003,"Apple M1","Darwin 25.2.0","clang 17.0.0 (clang-1700.6.3.2)",8,2026-01-30T17:39:32,ok
bvh-mt,320,180,10,20,0,18,8,1,1,0,0.00855533,0.00594467,0.0145,591.223,60.4838,591.237,60.486,0.0646807,0.00735099,0,0,5.73572,3,1,8,576000,4.31557e+06,7.29939e+06,912424,7.83942,0.979928,2026-01-30T17:23:36-ed540bb24003,"Apple M1","Darwin 25.2.0","clang 17.0.0 (clang-1700.6.3.2)",8,2026-01-30T17:39:40,ok
gpu,320,180,10,20,0,18,0,0,0,1,0.028139,0,0.028139,214.098,3.27382,214.126,3.27776,0,0,209.868,2.67951,6.09509,3,1,8,576000,576000,2.69036e+06,336295,21.6483,2.70603,2026-01-30T17:23:36-ed540bb24003,"Apple M1","Darwin 25.2.0","clang 17.0.0 (clang-1700.6.3.2)",8,2026-01-30T17:39:42,ok
original,320,180,10,20,25,43,1,0,0,0,0.0132363,0,0.0132363,5899.09,32.5403,5899.11,32.5422,0,0,0,0,5.82947,3,1,1,576000,4.41607e+06,748601,748601,1,1,2026-01-30T17:23:36-ed540bb24003,"Apple M1","Darwin 25.2.0","clang 17.0.0 (clang-1700.6.3.2)",8,2026-01-30T17:39:43,ok
bvh,320,180,10,20,25,43,1,1,0,0,0.440458,0.0156387,0.456097,2282.18,207.238,2282.64,207.18,0,0,0,0,5.73572,3,1,1,576000,4.41738e+06,1.9356e+06,1.9356e+06,2.58485,2.58485,2026-01-30T17:23:36-ed540bb24003,"Apple M1","Darwin 25.2.0","clang 17.0.0 (clang-1700.6.3.2)",8,2026-01-30T17:40:07,ok
bvh-mt,320,180,10,20,25,43,1,1,1,0,0.00991667,0.014208,0.0241247,2226.59,222.368,2226.61,222.368,0,0,0,0,5.47009,3,1,1,576000,4.41565e+06,1.98315e+06,1.98315e+06,2.64939,2.64939,2026-01-30T17:23:36-ed540bb24003,"Apple M1","Darwin 25.2.0","clang 17.0.0 (clang-1700.6.3.2)",8,2026-01-30T17:40:16,ok
gpu,320,180,10,20,25,43,0,0,0,1,0.0251803,0,0.0251803,263.813,3.03434,263.838,3.03399,0,0,260.842,2.60958,6.09509,3,1,8,576000,576000,2.18337e+06,272921,22.3609,2.79511,2026-01-30T17:23:36-ed540bb24003,"Apple M1","Darwin 25.2.0","clang 17.0.0 (clang-1700.6.3.2)",8,2026-01-30T17:40:25,ok
original,320,180,10,20,25,43,2,0,0,0,0.0167777,0,0.0167777,5892.4,13.5568,5892.42,13.5496,0,0,0,0,5.82947,3,1,1,576000,4.42035e+06,750177,750177,1,1,2026-01-30T17:23:36-ed540bb24003,"Apple M1","Darwin 25.2.0","clang 17.0.0 (clang-1700.6.3.2)",8,2026-01-30T17:40:26,ok
bvh,320,180,10,20,25,43,2,1,0,0,0.0103473,0.0139303,0.0242777,2217.01,198.938,2217.03,198.939,0,0,0,0,5.47009,3,1,1,576000,4.41639e+06,1.99205e+06,1.99205e+06,2.65782,2.65782,2026-01-30T17:23:36-ed540bb24003,"Apple M1","Darwin 25.2.0","clang 17.0.0 (clang-1700.6.3.2)",8,2026-01-30T17:40:50,ok
bvh-mt,320,180,10,20,25,43,2,1,1,0,0.0125973,0.0154723,0.0280697,1124.18,28.4711,1124.2,28.4748,0.0223893,0.00293448,0,0,5.47009,3,1,2,576000,4.41589e+06,3.92811e+06,1.96406e+06,5.24153,2.62077,2026-01-30T17:23:36-ed540bb24003,"Apple M1","Darwin 25.2.0","clang 17.0.0 (clang-1700.6.3.2)",8,2026-01-30T17:40:59,ok
gpu,320,180,10,20,25,43,0,0,0,1,0.0311113,0,0.0311113,263.004,1.02373,263.035,1.02857,0,0,259.537,0.60842,6.09509,3,1,8,576000,576000,2.19008e+06,273760,22.4042,2.80053,2026-01-30T17:23:36-ed540bb24003,"Apple M1","Darwin 25.2.0","clang 17.0.0 (clang-1700.6.3.2)",8,2026-01-30T17:41:03,ok
original,320,180,10,20,25,43,3,0,0,0,0.0179863,0,0.0179863,5901.92,34.6356,5901.94,34.6355,0,0,0,0,5.82947,3,1,1,576000,4.42061e+06,749012,749012,1,1,2026-01-30T17:23:36-ed540bb24003,"Apple M1","Darwin 25.2.0","clang 17.0.0 (clang-1700.6.3.2)",8,2026-01-30T17:41:04,ok
bvh,320,180,10,20,25,43,3,1,0,0,0.010389,0.0131663,0.0235553,2466.78,277.194,2466.8,277.193,0,0,0,0,5.47009,3,1,1,576000,4.41668e+06,1.79047e+06,1.79047e+06,2.39257,2.39257,2026-01-30T17:23:36-ed540bb24003,"Apple M1","Darwin 25.2.0","clang 17.0.0 (clang-1700.6.3.2)",8,2026-01-30T17:41:28,ok
bvh-mt,320,180,10,20,25,43,3,1,1,0,0.0104303,0.015,0.0254303,964.899,95.2078,964.925,95.2046,0.0301387,0.0027192,0,0,5.47009,3,1,3,576000,4.41697e+06,4.57765e+06,1.52588e+06,6.11662,2.03887,2026-01-30T17:23:36-ed540bb24003,"Apple M1","Darwin 25.2.0","clang 17.0.0 (clang-1700.6.3.2)",8,2026-01-30T17:41:38,ok
gpu,320,180,10,20,25,43,0,0,0,1,0.036236,0,0.036236,267.989,4.60723,268.025,4.59844,0,0,261.736,2.05605,6.09509,3,1,8,576000,576000,2.14934e+06,268668,22.023,2.75288,2026-01-30T17:23:36-ed540bb24003,"Apple M1","Darwin 25.2.0","clang 17.0.0 (clang-1700.6.3.2)",8,2026-01-30T17:41:42,ok
original,320,180,10,20,25,43,4,0,0,0,0.0119443,0,0.0119443,5875.05,7.42274,5875.06,7.42325,0,0,0,0,5.73572,3,1,1,576000,4.41541e+06,751554,751554,1,1,2026-01-30T17:23:36-ed540bb24003,"Apple M1","Darwin 25.2.0","clang 17.0.0 (clang-1700.6.3.2)",8,2026-01-30T17:41:43,ok
bvh,320,180,10,20,25,43,4,1,0,0,0.0163193,0.01718,0.0334993,2225.04,208.976,2225.07,208.971,0,0,0,0,5.47009,3,1,1,576000,4.41986e+06,1.98642e+06,1.98642e+06,2.64042,2.64042,2026-01-30T17:23:36-ed540bb24003,"Apple M1","Darwin 25.2.0","clang 17.0.0 (clang-1700.6.3.2)",8,2026-01-30T17:42:06,ok
bvh-mt,320,180,10,20,25,43,4,1,1,0,0.0126667,0.014486,0.0271527,761.082,45.8801,761.109,45.8765,0.0353193,0.000520635,0,0,5.47009,3,1,4,576000,4.41584e+06,5.80205e+06,1.45051e+06,7.71933,1.92983,2026-01-30T17:23:36-ed540bb24003,"Apple M1","Darwin 25.2.0","clang 17.0.0 (clang-1700.6.3.2)",8,2026-01-30T17:42:15,ok
gpu,320,180,10,20,25,43,0,0,0,1,0.028806,0,0.028806,265.622,1.19036,265.65,1.18128,0,0,261.243,2.51194,6.09509,3,1,8,576000,576000,2.1685e+06,271062,22.1181,2.76476,2026-01-30T17:23:36-ed540bb24003,"Apple M1","Darwin 25.2.0","clang 17.0.0 (clang-1700.6.3.2)",8,2026-01-30T17:42:18,ok
original,320,180,10,20,25,43,5,0,0,0,0.0160277,0,0.0160277,5880.32,14.0209,5880.34,14.0246,0,0,0,0,5.82947,3,1,1,576000,4.41722e+06,751187,751187,1,1,2026-01-30T17:23:36-ed540bb24003,"Apple M1","Darwin 25.2.0","clang 17.0.0 (clang-1700.6.3.2)",8,2026-01-30T17:42:19,ok
bvh,320,180,10,20,25,43,5,1,0,0,0.0156663,0.0140417,0.029708,2091.47,103.103,2091.5,103.094,0,0,0,0,5.47009,3,1,1,576000,4.41792e+06,2.11235e+06,2.11235e+06,2.81157,2.81157,2026-01-30T17:23:36-ed540bb24003,"Apple M1","Darwin 25.2.0","clang 17.0.0 (clang-1700.6.3.2)",8,2026-01-30T17:42:43,ok
bvh-mt,320,180,10,20,25,43,5,1,1,0,0.00945833,0.0143333,0.0237917,776.699,49.9501,776.722,49.9487,0.044736,0.00838129,0,0,5.47009,3,1,5,576000,4.4179e+06,5.68805e+06,1.13761e+06,7.57092,1.51418,2026-01-30T17:23:36-ed540bb24003,"Apple M1","Darwin 25.2.0","clang 17.0.0 (clang-1700.6.3.2)",8,2026-01-30T17:42:51,ok
gpu,320,180,10,20,25,43,0,0,0,1,0.032472,0,0.032472,264.107,1.52621,264.14,1.5211,0,0,260.297,1.86436,6.09509,3,1,8,576000,576000,2.18093e+06,272617,22.2649,2.78311,2026-01-30T17:23:36-ed540bb24003,"Apple M1","Darwin 25.2.0","clang 17.0.0 (clang-1700.6.3.2)",8,2026-01-30T17:42:55,ok
original,320,180,10,20,25,43,6,0,0,0,0.027389,0,0.027389,5895.59,13.3113,5895.61,13.3297,0,0,0,0,5.82947,3,1,1,576000,4.4169e+06,749188,749188,1,1,2026-01-30T17:23:36-ed540bb24003,"Apple M1","Darwin 25.2.0","clang 17.0.0 (clang-1700.6.3.2)",8,2026-01-30T17:42:56,ok
bvh,320,180,10,20,25,43,6,1,0,0,0.0183057,0.014708,0.0330137,2295.79,179.153,2295.83,179.141,0,0,0,0,5.47009,3,1,1,576000,4.42022e+06,1.92536e+06,1.92536e+06,2.568,2.568,2026-01-30T17:23:36-ed540bb24003,"Apple M1","Darwin 25.2.0","clang 17.0.0 (clang-1700.6.3.2)",8,2026-01-30T17:43:19,ok
bvh-mt,320,180,10,20,25,43,6,1,1,0,0.0113473,0.0132917,0.024639,698.223,42.8186,698.247,42.8158,0.0508057,0.00171677,0,0,5.47009,3,1,6,576000,4.416e+06,6.32463e+06,1.0541e+06,8.4437,1.40728,2026-01-30T17:23:36-ed540bb24003,"Apple M1","Darwin 25.2.0","clang 17.0.0 (clang-1700.6.3.2)",8,2026-01-30T17:43:29,ok
gpu,320,180,10,20,25,43,0,0,0,1,0.0313333,0,0.0313333,266.034,1.33639,266.066,1.33475,0,0,262.347,1.37157,6.09509,3,1,8,576000,576000,2.16513e+06,270642,22.161,2.77012,2026-01-30T17:23:36-ed540bb24003,"Apple M1","Darwin 25.2.0","clang 17.0.0 (clang-1700.6.3.2)",8,2026-01-30T17:43:31,ok
original,320,180,10,20,25,43,7,0,0,0,0.018722,0,0.018722,5886.9,7.76088,5886.92,7.75726,0,0,0,0,5.56384,3,1,1,576000,4.41801e+06,750482,750482,1,1,2026-01-30T17:23:36-ed540bb24003,"Apple M1","Darwin 25.2.0","clang 17.0.0 (clang-1700.6.3.2)",8,2026-01-30T17:43:32,ok
bvh,320,180,10,20,25,43,7,1,0,0,0.014917,0.0150557,0.0299727,2354.62,88.0144,2354.65,88.0161,0,0,0,0,5.56384,3,1,1,576000,4.41359e+06,1.87444e+06,1.87444e+06,2.50015,2.50015,2026-01-30T17:23:36-ed540bb24003,"Apple M1","Darwin 25.2.0","clang 17.0.0 (clang-1700.6.3.2)",8,2026-01-30T17:43:56,ok
bvh-mt,320,180,10,20,25,43,7,1,1,0,0.0133197,0.0145693,0.027889,725.514,49.5205,725.542,49.5112,0.059222,0.00489801,0,0,5.56384,3,1,7,576000,4.41803e+06,6.08951e+06,869930,8.11411,1.15916,2026-01-30T17:23:36-ed540bb24003,"Apple M1","Darwin 25.2.0","clang 17.0.0 (clang-1700.6.3.2)",8,2026-01-30T17:44:05,ok
gpu,320,180,10,20,25,43,0,0,0,1,0.036111,0,0.036111,264.616,2.5999,264.652,2.59079,0,0,261.391,2.88736,6.09509,3,1,8,576000,576000,2.17674e+06,272093,22.247,2.78088,2026-01-30T17:23:36-ed540bb24003,"Apple M1","Darwin 25.2.0","clang 17.0.0 (clang-1700.6.3.2)",8,2026-01-30T17:44:08,ok
original,320,180,10,20,25,43,8,0,0,0,0.0289443,0,0.0289443,5882.44,20.2387,5882.47,20.2587,0,0,0,0,5.82947,3,1,1,576000,4.41709e+06,750895,750895,1,1,2026-01-30T17:23:36-ed540bb24003,"Apple M1","Darwin 25.2.0","clang 17.0.0 (clang-1700.6.3.2)",8,2026-01-30T17:44:09,ok
bvh,320,180,10,20,25,43,8,1,0,0,0.01125,0.014736,0.025986,2254.86,71.4413,2254.88,71.4463,0,0,0,0,5.47009,3,1,1,576000,4.41773e+06,1.95921e+06,1.95921e+06,2.60879,2.60879,2026-01-30T17:23:36-ed540bb24003,"Apple M1","Darwin 25.2.0","clang 17.0.0 (clang-1700.6.3.2)",8,2026-01-30T17:44:33,ok
bvh-mt,320,180,10,20,25,43,8,1,1,0,0.00911133,0.0130833,0.0221947,662.053,36.7685,662.075,36.7678,0.065875,0.008407,0,0,5.47009,3,1,8,576000,4.41343e+06,6.66628e+06,833285,8.88515,1.11064,2026-01-30T17:23:36-ed540bb24003,"Apple M1","Darwin 25.2.0","clang 17.0.0 (clang-1700.6.3.2)",8,2026-01-30T17:44:42,ok
gpu,320,180,10,20,25,43,0,0,0,1,0.033903,0,0.033903,264.656,1.38743,264.69,1.38115,0,0,260.804,1.84502,6.09509,3,1,8,576000,576000,2.17641e+06,272052,22.2268,2.77835,2026-01-30T17:23:36-ed540bb24003,"Apple M1","Darwin 25.2.0","clang 17.0.0 (clang-1700.6.3.2)",8,2026-01-30T17:44:44,ok
original,320,180,10,20,100,118,1,0,0,0,0.0228057,0,0.0228057,9298.59,22.8005,9298.61,22.8136,0,0,0,0,5.73572,3,1,1,576000,4.55948e+06,490341,490341,1,1,2026-01-30T17:23:36-ed540bb24003,"Apple M1","Darwin 25.2.0","clang 17.0.0 (clang-1700.6.3.2)",8,2026-01-30T17:44:45,ok
bvh,320,180,10,20,100,118,1,1,0,0,0.0176807,0.0409863,0.058667,3206.9,243.101,3206.96,243.1,0,0,0,0,5.47009,3,1,1,576000,4.55917e+06,1.42168e+06,1.42168e+06,2.89956,2.89956,2026-01-30T17:23:36-ed540bb24003,"Apple M1","Darwin 25.2.0","clang 17.0.0 (clang-1700.6.3.2)",8,2026-01-30T17:45:23,ok
bvh-mt,320,180,10,20,100,118,1,1,1,0,0.017222,0.046514,0.063736,3036.45,100.257,3036.51,100.26,0,0,0,0,5.47009,3,1,1,576000,4.55646e+06,1.50059e+06,1.50059e+06,3.06233,3.06233,2026-01-30T17:23:36-ed540bb24003,"Apple M1","Darwin 25.2.0","clang 17.0.0 (clang-1700.6.3.2)",8,2026-01-30T17:45:36,ok
gpu,320,180,10,20,100,118,0,0,0,1,0.0284443,0,0.0284443,423.58,2.10251,423.608,2.10064,0,0,419.227,0.704147,6.06384,3,1,8,576000,576000,1.35984e+06,169980,21.9524,2.74405,2026-01-30T17:23:36-ed540bb24003,"Apple M1","Darwin 25.2.0","clang 17.0.0 (clang-1700.6.3.2)",8,2026-01-30T17:45:48,ok
original,320,180,10,20,100,118,2,0,0,0,0.0357637,0,0.0357637,9280.17,11.7975,9280.21,11.7962,0,0,0,0,5.70447,3,1,1,576000,4.55737e+06,491087,491087,1,1,2026-01-30T17:23:36-ed540bb24003,"Apple M1","Darwin 25.2.0","clang 17.0.0 (clang-1700.6.3.2)",8,2026-01-30T17:45:49,ok
bvh,320,180,10,20,100,118,2,1,0,0,0.0255137,0.0405833,0.066097,3114.14,124.126,3114.2,124.14,0,0,0,0,5.47009,3,1,1,576000,4.55786e+06,1.4636e+06,1.4636e+06,2.98001,2.98001,2026-01-30T17:23:36-ed540bb24003,"Apple M1","Darwin 25.2.0","clang 17.0.0 (clang-1700.6.3.2)",8,2026-01-30T17:46:27,ok
bvh-mt,320,180,10,20,100,118,2,1,1,0,0.0198613,0.0424583,0.0623197,1665.53,127.442,1665.59,127.443,0.0293053,0.00524445,0,0,5.47009,3,1,2,576000,4.55629e+06,2.73565e+06,1.36782e+06,5.57191,2.78596,2026-01-30T17:23:36-ed540bb24003,"Apple M1","Darwin 25.2.0","clang 17.0.0 (clang-1700.6.3.2)",8,2026-01-30T17:46:39,ok
gpu,320,180,10,20,100,118,0,0,0,1,0.059486,0,0.059486,422.299,3.84064,422.359,3.83853,0,0,418.159,4.09752,6.09509,3,1,8,576000,576000,1.36396e+06,170495,21.9754,2.74692,2026-01-30T17:23:36-ed540bb24003,"Apple M1","Darwin 25.2.0","clang 17.0.0 (clang-1700.6.3.2)",8,2026-01-30T17:46:46,ok
original,320,180,10,20,100,118,3,0,0,0,0.0399723,0,0.0399723,9367.78,55.4128,9367.82,55.4135,0,0,0,0,5.73572,3,1,1,576000,4.55501e+06,486242,486242,1,1,2026-01-30T17:23:36-ed540bb24003,"Apple M1","Darwin 25.2.0","clang 17.0.0 (clang-1700.6.3.2)",8,2026-01-30T17:46:47,ok
bvh,320,180,10,20,100,118,3,1,0,0,0.0205137,0.044111,0.0646247,2931.35,172.812,2931.41,172.804,0,0,0,0,5.47009,3,1,1,576000,4.55976e+06,1.55552e+06,1.55552e+06,3.19573,3.19573,2026-01-30T17:23:36-ed540bb24003,"Apple M1","Darwin 25.2.0","clang 17.0.0 (clang-1700.6.3.2)",8,2026-01-30T17:47:25,ok
bvh-mt,320,180,10,20,100,118,3,1,1,0,0.012681,0.0381943,0.0508753,1324.87,120.332,1324.92,120.328,0.0311527,0.00119788,0,0,5.47009,3,1,3,576000,4.55758e+06,3.44004e+06,1.14668e+06,7.07074,2.35691,2026-01-30T17:23:36-ed540bb24003,"Apple M1","Darwin 25.2.0","clang 17.0.0 (clang-1700.6.3.2)",8,2026-01-30T17:47:36,ok
gpu,320,180,10,20,100,118,0,0,0,1,0.0562363,0,0.0562363,421.244,4.48151,421.3,4.47906,0,0,416.398,4.04921,6.09509,3,1,8,576000,576000,1.36738e+06,170922,22.2384,2.7798,2026-01-30T17:23:36-ed540bb24003,"Apple M1","Darwin 25.2.0","clang 17.0.0 (clang-1700.6.3.2)",8,2026-01-30T17:47:42,ok
original,320,180,10,20,100,118,4,0,0,0,0.0303197,0,0.0303197,9309.91,50.758,9309.94,50.7576,0,0,0,0,5.73572,3,1,1,576000,4.55613e+06,489385,489385,1,1,2026-01-30T17:23:36-ed540bb24003,"Apple M1","Darwin 25.2.0","clang 17.0.0 (clang-1700.6.3.2)",8,2026-01-30T17:47:44,ok
bvh,320,180,10,20,100,118,4,1,0,0,0.0201803,0.0413613,0.0615417,3198.89,274.409,3198.95,274.401,0,0,0,0,5.47009,3,1,1,576000,4.55728e+06,1.42464e+06,1.42464e+06,2.91035,2.91035,2026-01-30T17:23:36-ed540bb24003,"Apple M1","Darwin 25.2.0","clang 17.0.0 (clang-1700.6.3.2)",8,2026-01-30T17:48:21,ok
bvh-mt,320,180,10,20,100,118,4,1,1,0,0.015542,0.039292,0.054834,1022.69,29.0647,1022.74,29.0669,0.037139,0.0053687,0,0,5.47009,3,1,4,576000,4.55479e+06,4.45376e+06,1.11344e+06,9.1034,2.27585,2026-01-30T17:23:36-ed540bb24003,"Apple M1","Darwin 25.2.0","clang 17.0.0 (clang-1700.6.3.2)",8,2026-01-30T17:48:34,ok
gpu,320,180,10,20,100,118,0,0,0,1,0.0489307,0,0.0489307,420.757,2.31081,420.806,2.31196,0,0,417.114,2.41967,6.09509,3,1,8,576000,576000,1.36896e+06,171120,22.1266,2.76582,2026-01-30T17:23:36-ed540bb24003,"Apple M1","Darwin 25.2.0","clang 17.0.0 (clang-1700.6.3.2)",8,2026-01-30T17:48:38,ok
original,320,180,10,20,100,118,5,0,0,0,0.0246387,0,0.0246387,9289.01,29.8121,9289.03,29.8205,0,0,0,0,5.82947,3,1,1,576000,4.55908e+06,490804,490804,1,1,2026-01-30T17:23:36-ed540bb24003,"Apple M1","Darwin 25.2.0","clang 17.0.0 (clang-1700.6.3.2)",8,2026-01-30T17:48:40,ok
bvh,320,180,10,20,100,118,5,1,0,0,0.014722,0.039722,0.054444,2852.76,204.119,2852.82,204.123,0,0,0,0,5.47009,3,1,1,576000,4.56002e+06,1.59846e+06,1.59846e+06,3.25614,3.25614,2026-01-30T17:23:36-ed540bb24003,"Apple M1","Darwin 25.2.0","clang 17.0.0 (clang-1700.6.3.2)",8,2026-01-30T17:49:17,ok
bvh-mt,320,180,10,20,100,118,5,1,1,0,0.0152083,0.0399583,0.0551667,967.938,81.9359,967.993,81.9356,0.050625,0.00264575,0,0,5.47009,3,1,5,576000,4.55683e+06,4.70777e+06,941555,9.59669,1.91934,2026-01-30T17:23:36-ed540bb24003,"Apple M1","Darwin 25.2.0","clang 17.0.0 (clang-1700.6.3.2)",8,2026-01-30T17:49:29,ok
gpu,320,180,10,20,100,118,0,0,0,1,0.0469167,0,0.0469167,424.154,4.61246,424.201,4.61816,0,0,418.615,4.88287,6.09509,3,1,8,576000,576000,1.358e+06,169750,21.9001,2.73751,2026-01-30T17:23:36-ed540bb24003,"Apple M1","Darwin 25.2.0","clang 17.0.0 (clang-1700.6.3.2)",8,2026-01-30T17:49:33,ok
original,320,180,10,20,100,118,6,0,0,0,0.0283753,0,0.0283753,9334.26,84.5715,9334.28,84.5735,0,0,0,0,5.73572,3,1,1,576000,4.55552e+06,488044,488044,1,1,2026-01-30T17:23:36-ed540bb24003,"Apple M1","Darwin 25.2.0","clang 17.0.0 (clang-1700.6.3.2)",8,2026-01-30T17:49:34,ok
bvh,320,180,10,20,100,118,6,1,0,0,0.0157503,0.040097,0.0558473,3321.17,237.568,3321.23,237.563,0,0,0,0,5.47009,3,1,1,576000,4.55437e+06,1.37131e+06,1.37131e+06,2.81053,2.81053,2026-01-30T17:23:36-ed540bb24003,"Apple M1","Darwin 25.2.0","clang 17.0.0 (clang-1700.6.3.2)",8,2026-01-30T17:50:12,ok
bvh-mt,320,180,10,20,100,118,6,1,1,0,0.0147913,0.041292,0.0560833,958.932,56.4621,958.988,56.46,0.0660973,0.00474895,0,0,5.47009,3,1,6,576000,4.56222e+06,4.75761e+06,792935,9.73402,1.62234,2026-01-30T17:23:36-ed540bb24003,"Apple M1","Darwin 25.2.0","clang 17.0.0 (clang-1700.6.3.2)",8,2026-01-30T17:50:25,ok
gpu,320,180,10,20,100,118,0,0,0,1,0.0430557,0,0.0430557,420.994,2.06454,421.037,2.04862,0,0,416.719,3.65826,6.09509,3,1,8,576000,576000,1.36819e+06,171024,22.172,2.7715,2026-01-30T17:23:36-ed540bb24003,"Apple M1","Darwin 25.2.0","clang 17.0.0 (clang-1700.6.3.2)",8,2026-01-30T17:50:28,ok
original,320,180,10,20,100,118,7,0,0,0,0.0219303,0,0.0219303,9274.3,15.0629,9274.32,15.0562,0,0,0,0,5.82947,3,1,1,576000,4.55488e+06,491129,491129,1,1,2026-01-30T17:23:36-ed540bb24003,"Apple M1","Darwin 25.2.0","clang 17.0.0 (clang-1700.6.3.2)",8,2026-01-30T17:50:30,ok
bvh,320,180,10,20,100,118,7,1,0,0,0.0143057,0.0413053,0.055611,3176.03,79.8798,3176.09,79.8781,0,0,0,0,5.47009,3,1,1,576000,4.55144e+06,1.43306e+06,1.43306e+06,2.92009,2.92009,2026-01-30T17:23:36-ed540bb24003,"Apple M1","Darwin 25.2.0","clang 17.0.0 (clang-1700.6.3.2)",8,2026-01-30T17:51:07,ok
bvh-mt,320,180,10,20,100,118,7,1,1,0,0.014861,0.0406947,0.0555557,928.549,82.4382,928.605,82.4357,0.074847,0.0210942,0,0,5.47009,3,1,7,576000,4.55036e+06,4.90051e+06,700072,9.98795,1.42685,2026-01-30T17:23:36-ed540bb24003,"Apple M1","Darwin 25.2.0","clang 17.0.0 (clang-1700.6.3.2)",8,2026-01-30T17:51:20,ok
gpu,320,180,10,20,100,118,0,0,0,1,0.042778,0,0.042778,420.779,5.70687,420.822,5.69502,0,0,417.693,6.38181,6.11072,3,1,8,576000,576000,1.36889e+06,171111,22.0408,2.7551,2026-01-30T17:23:36-ed540bb24003,"Apple M1","Darwin 25.2.0","clang 17.0.0 (clang-1700.6.3.2)",8,2026-01-30T17:51:23,ok
original,320,180,10,20,100,118,8,0,0,0,0.028278,0,0.028278,9311.26,18.4693,9311.29,18.4797,0,0,0,0,5.56384,3,1,1,576000,4.56178e+06,489921,489921,1,1,2026-01-30T17:23:36-ed540bb24003,"Apple M1","Darwin 25.2.0","clang 17.0.0 (clang-1700.6.3.2)",8,2026-01-30T17:51:25,ok
bvh,320,180,10,20,100,118,8,1,0,0,0.0181523,0.041931,0.0600833,2972.39,206.47,2972.45,206.471,0,0,0,0,5.56384,3,1,1,576000,4.55514e+06,1.53249e+06,1.53249e+06,3.13259,3.13259,2026-01-30T17:23:36-ed540bb24003,"Apple M1","Darwin 25.2.0","clang 17.0.0 (clang-1700.6.3.2)",8,2026-01-30T17:52:02,ok
bvh-mt,320,180,10,20,100,118,8,1,1,0,0.012736,0.035611,0.048347,995.518,50.9244,995.567,50.9253,0.068736,0.0106587,0,0,5.56384,3,1,8,576000,4.55911e+06,4.57963e+06,572454,9.35318,1.16915,2026-01-30T17:23:36-ed540bb24003,"Apple M1","Darwin 25.2.0","clang 17.0.0 (clang-1700.6.3.2)",8,2026-01-30T17:52:14,ok
gpu,320,180,10,20,100,118,0,0,0,1,0.0698753,0,0.0698753,421.846,4.83432,421.916,4.81831,0,0,417.842,4.23374,6.09509,3,1,8,576000,576000,1.36543e+06,170678,22.0727,2.75908,2026-01-30T17:23:36-ed540bb24003,"Apple M1","Darwin 25.2.0","clang 17.0.0 (clang-1700.6.3.2)",8,2026-01-30T17:52:18,ok
original,320,180,20,10,0,18,1,0,0,0,0.0165277,0,0.0165277,6864.19,58.6889,6864.2,58.687,0,0,0,0,5.73572,3,1,1,1.152e+06,6.78477e+06,988431,988431,1,1,2026-01-30T17:23:36-ed540bb24003,"Apple M1","Darwin 25.2.0","clang 17.0.0 (clang-1700.6.3.2)",8,2026-01-30T17:52:20,ok
bvh,320,180,20,10,0,18,1,1,0,0,0.011792,0.00570867,0.0175007,2667.95,115.522,2667.96,115.522,0,0,0,0,5.47009,3,1,1,1.152e+06,6.78118e+06,2.54172e+06,2.54172e+06,2.57283,2.57283,2026-01-30T17:23:36-ed540bb24003,"Apple M1","Darwin 25.2.0","clang 17.0.0 (clang-1700.6.3.2)",8,2026-01-30T17:52:47,ok
bvh-mt,320,180,20,10,0,18,1,1,1,0,0.0180417,0.00641667,0.0244583,2730.9,237.28,2730.93,237.286,0,0,0,0,5.47009,3,1,1,1.152e+06,6.78181e+06,2.48336e+06,2.48336e+06,2.51352,2.51352,2026-01-30T17:23:36-ed540bb24003,"Apple M1","Darwin 25.2.0","clang 17.0.0 (clang-1700.6.3.2)",8,2026-01-30T17:52:58,ok
gpu,320,180,20,10,0,18,0,0,0,1,0.0215003,0,0.0215003,219.349,3.34111,219.37,3.3427,0,0,216.075,3.28661,6.09509,3,1,8,1.152e+06,1.152e+06,5.25191e+06,656489,31.2935,3.91168,2026-01-30T17:23:36-ed540bb24003,"Apple M1","Darwin 25.2.0","clang 17.0.0 (clang-1700.6.3.2)",8,2026-01-30T17:53:08,ok
original,320,180,20,10,0,18,2,0,0,0,0.0146947,0,0.0146947,6803.56,12.8669,6803.58,12.8632,0,0,0,0,5.73572,3,1,1,1.152e+06,6.77976e+06,996500,996500,1,1,2026-01-30T17:23:36-ed540bb24003,"Apple M1","Darwin 25.2.0","clang 17.0.0 (clang-1700.6.3.2)",8,2026-01-30T17:53:09,ok
bvh,320,180,20,10,0,18,2,1,0,0,0.0146803,0.00683367,0.021514,2739.33,79.188,2739.35,79.1955,0,0,0,0,5.47009,3,1,1,1.152e+06,6.78245e+06,2.47595e+06,2.47595e+06,2.48366,2.48366,2026-01-30T17:23:36-ed540bb24003,"Apple M1","Darwin 25.2.0","clang 17.0.0 (clang-1700.6.3.2)",8,2026-01-30T17:53:36,ok
bvh-mt,320,180,20,10,0,18,2,1,1,0,0.0121107,0.00825033,0.020361,1440.23,54.3004,1440.25,54.3084,0.025333,0.00383663,0,0,5.47009,3,1,2,1.152e+06,6.7799e+06,4.7075e+06,2.35375e+06,4.72393,2.36197,2026-01-30T17:23:36-ed540bb24003,"Apple M1","Darwin 25.2.0","clang 17.0.0 (clang-1700.6.3.2)",8,2026-01-30T17:53:48,ok
gpu,320,180,20,10,0,18,0,0,0,1,0.030528,0,0.030528,219.382,1.48192,219.412,1.4761,0,0,214.473,2.37449,6.09509,3,1,8,1.152e+06,1.152e+06,5.25112e+06,656390,31.0125,3.87656,2026-01-30T17:23:36-ed540bb24003,"Apple M1","Darwin 25.2.0","clang 17.0.0 (clang-1700.6.3.2)",8,2026-01-30T17:53:54,ok
original,320,180,20,10,0,18,3,0,0,0,0.016361,0,0.016361,6825.42,15.5432,6825.44,15.5434,0,0,0,0,5.82947,3,1,1,1.152e+06,6.781e+06,993492,993492,1,1,2026-01-30T17:23:36-ed540bb24003,"Apple M1","Darwin 25.2.0","clang 17.0.0 (clang-1700.6.3.2)",8,2026-01-30T17:53:55,ok
bvh,320,180,20,10,0,18,3,1,0,0,0.0168887,0.008139,0.0250277,2739.5,84.3425,2739.52,84.3312,0,0,0,0,5.47009,3,1,1,1.152e+06,6.78196e+06,2.47562e+06,2.47562e+06,2.49148,2.49148,2026-01-30T17:23:36-ed540bb24003,"Apple M1","Darwin 25.2.0","clang 17.0.0 (clang-1700.6.3.2)",8,2026-01-30T17:54:22,ok
bvh-mt,320,180,20,10,0,18,3,1,1,0,0.009375,0.006,0.015375,1202.07,33.7553,1202.09,33.7536,0.0305973,0.00773281,0,0,5.47009,3,1,3,1.152e+06,6.782e+06,5.64191e+06,1.88064e+06,5.67804,1.89268,2026-01-30T17:23:36-ed540bb24003,"Apple M1","Darwin 25.2.0","clang 17.0.0 (clang-1700.6.3.2)",8,2026-01-30T17:54:33,ok
gpu,320,180,20,10,0,18,0,0,0,1,0.0243053,0,0.0243053,220.384,3.32882,220.409,3.3193,0,0,215.223,3.72059,6.09509,3,1,8,1.152e+06,1.152e+06,5.22723e+06,653404,30.9705,3.87132,2026-01-30T17:23:36-ed540bb24003,"Apple M1","Darwin 25.2.0","clang 17.0.0 (clang-1700.6.3.2)",8,2026-01-30T17:54:38,ok
original,320,180,20,10,0,18,4,0,0,0,0.0247917,0,0.0247917,6819.45,4.82845,6819.47,4.83192,0,0,0,0,5.73572,3,1,1,1.152e+06,6.78407e+06,994812,994812,1,1,2026-01-30T17:23:36-ed540bb24003,"Apple M1","Darwin 25.2.0","clang 17.0.0 (clang-1700.6.3.2)",8,2026-01-30T17:54:39,ok
bvh,320,180,20,10,0,18,4,1,0,0,0.0135837,0.00574967,0.0193333,2701.96,46.1015,2701.98,46.1073,0,0,0,0,5.47009,3,1,1,1.152e+06,6.78121e+06,2.50973e+06,2.50973e+06,2.52389,2.52389,2026-01-30T17:23:36-ed540bb24003,"Apple M1","Darwin 25.2.0","clang 17.0.0 (clang-1700.6.3.2)",8,2026-01-30T17:55:06,ok
bvh-mt,320,180,20,10,0,18,4,1,1,0,0.00940267,0.004861,0.0142637,1053.43,87.6162,1053.45,87.6175,0.0325003,0.00388413,0,0,5.47009,3,1,4,1.152e+06,6.78866e+06,6.44433e+06,1.61108e+06,6.47355,1.61839,2026-01-30T17:23:36-ed540bb24003,"Apple M1","Darwin 25.2.0","clang 17.0.0 (clang-1700.6.3.2)",8,2026-01-30T17:55:17,ok
gpu,320,180,20,10,0,18,0,0,0,1,0.0335,0,0.0335,219.224,2.50149,219.258,2.50032,0,0,214.884,2.10876,6.09509,3,1,8,1.152e+06,1.152e+06,5.25489e+06,656862,31.1072,3.8884,2026-01-30T17:23:36-ed540bb24003,"Apple M1","Darwin 25.2.0","clang 17.0.0 (clang-1700.6.3.2)",8,2026-01-30T17:55:21,ok
original,320,180,20,10,0,18,5,0,0,0,0.0248473,0,0.0248473,6864.18,85.4485,6864.2,85.4342,0,0,0,0,5.73572,3,1,1,1.152e+06,6.78294e+06,988165,988165,1,1,2026-01-30T17:23:36-ed540bb24003,"Apple M1","Darwin 25.2.0","clang 17.0.0 (clang-1700.6.3.2)",8,2026-01-30T17:55:22,ok
bvh,320,180,20,10,0,18,5,1,0,0,0.00881933,0.00606967,0.014889,2859.25,256.376,2859.27,256.376,0,0,0,0,5.47009,3,1,1,1.152e+06,6.78101e+06,2.3716e+06,2.3716e+06,2.40069,2.40069,2026-01-30T17:23:36-ed540bb24003,"Apple M1","Darwin 25.2.0","clang 17.0.0 (clang-1700.6.3.2)",8,2026-01-30T17:55:50,ok
bvh-mt,320,180,20,10,0,18,5,1,1,0,0.008486,0.00529167,0.0137777,873.472,29.9854,873.486,29.9859,0.0395137,0.00319406,0,0,5.47009,3,1,5,1.152e+06,6.78426e+06,7.767e+06,1.5534e+06,7.85849,1.5717,2026-01-30T17:23:36-ed540bb24003,"Apple M1","Darwin 25.2.0","clang 17.0.0 (clang-1700.6.3.2)",8,2026-01-30T17:56:01,ok
gpu,320,180,20,10,0,18,0,0,0,1,0.0299447,0,0.0299447,223.412,7.49046,223.442,7.49949,0,0,215.4,2.9997,6.09509,3,1,8,1.152e+06,1.152e+06,5.1564e+06,644550,30.7243,3.84054,2026-01-30T17:23:36-ed540bb24003,"Apple M1","Darwin 25.2.0","clang 17.0.0 (clang-1700.6.3.2)",8,2026-01-30T17:56:04,ok
original,320,180,20,10,0,18,6,0,0,0,0.0218473,0,0.0218473,6820.23,7.92336,6820.25,7.91621,0,0,0,0,5.82947,3,1,1,1.152e+06,6.78166e+06,994345,994345,1,1,2026-01-30T17:23:36-ed540bb24003,"Apple M1","Darwin 25.2.0","clang 17.0.0 (clang-1700.6.3.2)",8,2026-01-30T17:56:05,ok
bvh,320,180,20,10,0,18,6,1,0,0,0.0110693,0.00519467,0.016264,2728.88,411.555,2728.89,411.553,0,0,0,0,5.47009,3,1,1,1.152e+06,6.78001e+06,2.48454e+06,2.48454e+06,2.49928,2.49928,2026-01-30T17:23:36-ed540bb24003,"Apple M1","Darwin 25.2.0","clang 17.0.0 (clang-1700.6.3.2)",8,2026-01-30T17:56:33,ok
bvh-mt,320,180,20,10,0,18,6,1,1,0,0.0102223,0.00515267,0.015375,827.499,30.0653,827.515,30.0619,0.048736,0.00744977,0,0,5.47009,3,1,6,1.152e+06,6.78034e+06,8.19377e+06,1.36563e+06,8.24198,1.37366,2026-01-30T17:23:36-ed540bb24003,"Apple M1","Darwin 25.2.0","clang 17.0.0 (clang-1700.6.3.2)",8,2026-01-30T17:56:44,ok
gpu,320,180,20,10,0,18,0,0,0,1,0.0249447,0,0.0249447,218.039,2.16932,218.064,2.17383,0,0,214.598,2.41115,6.14197,3,1,8,1.152e+06,1.152e+06,5.28346e+06,660433,31.2799,3.90998,2026-01-30T17:23:36-ed540bb24003,"Apple M1","Darwin 25.2.0","clang 17.0.0 (clang-1700.6.3.2)",8,2026-01-30T17:56:47,ok
original,320,180,20,10,0,18,7,0,0,0,0.014903,0,0.014903,6864.94,49.0483,6864.95,49.0442,0,0,0,0,5.82947,3,1,1,1.152e+06,6.78546e+06,988423,988423,1,1,2026-01-30T17:23:36-ed540bb24003,"Apple M1","Darwin 25.2.0","clang 17.0.0 (clang-1700.6.3.2)",8,2026-01-30T17:56:48,ok
bvh,320,180,20,10,0,18,7,1,0,0,0.0135697,0.00690267,0.0204723,2847.87,302.867,2847.89,302.877,0,0,0,0,5.73572,3,1,1,1.152e+06,6.78177e+06,2.38135e+06,2.38135e+06,2.41055,2.41055,2026-01-30T17:23:36-ed540bb24003,"Apple M1","Darwin 25.2.0","clang 17.0.0 (clang-1700.6.3.2)",8,2026-01-30T17:57:15,ok
bvh-mt,320,180,20,10,0,18,7,1,1,0,0.008375,0.00494433,0.0133193,842.552,17.1507,842.565,17.1518,0.0595,0.00212879,0,0,5.47009,3,1,7,1.152e+06,6.78589e+06,8.05397e+06,1.15057e+06,8.14779,1.16397,2026-01-30T17:23:36-ed540bb24003,"Apple M1","Darwin 25.2.0","clang 17.0.0 (clang-1700.6.3.2)",8,2026-01-30T17:57:27,ok
gpu,320,180,20,10,0,18,0,0,0,1,0.0328337,0,0.0328337,219.378,3.23392,219.411,3.23302,0,0,215.077,2.70326,6.09509,3,1,8,1.152e+06,1.152e+06,5.25121e+06,656401,31.2927,3.91159,2026-01-30T17:23:36-ed540bb24003,"Apple M1","Darwin 25.2.0","clang 17.0.0 (clang-1700.6.3.2)",8,2026-01-30T17:57:30,ok
original,320,180,20,10,0,18,8,0,0,0,0.0291943,0,0.0291943,6825.06,19.4314,6825.09,19.4248,0,0,0,0,5.73572,3,1,1,1.152e+06,6.77915e+06,993273,993273,1,1,2026-01-30T17:23:36-ed540bb24003,"Apple M1","Darwin 25.2.0","clang 17.0.0 (clang-1700.6.3.2)",8,2026-01-30T17:57:31,ok
bvh,320,180,20,10,0,18,8,1,0,0,0.0119167,0.00490267,0.0168193,2706.93,101.342,2706.94,101.343,0,0,0,0,5.47009,3,1,1,1.152e+06,6.7824e+06,2.50557e+06,2.50557e+06,2.52133,2.52133,2026-01-30T17:23:36-ed540bb24003,"Apple M1","Darwin 25.2.0","clang 17.0.0 (clang-1700.6.3.2)",8,2026-01-30T17:57:58,ok
bvh-mt,320,180,20,10,0,18,8,1,1,0,0.00819433,0.00558333,0.0137777,879.427,42.9973,879.441,43,0.0631387,0.00352967,0,0,5.47009,3,1,8,1.152e+06,6.78263e+06,7.71255e+06,964069,7.7608,0.9701,2026-01-30T17:23:36-ed540bb24003,"Apple M1","Darwin 25.2.0","clang 17.0.0 (clang-1700.6.3.2)",8,2026-01-30T17:58:09,ok
gpu,320,180,20,10,0,18,0,0,0,1,0.030528,0,0.030528,221.292,3.60313,221.323,3.59602,0,0,214.381,2.39866,6.09509,3,1,8,1.152e+06,1.152e+06,5.20579e+06,650724,30.8419,3.85523,2026-01-30T17:23:36-ed540bb24003,"Apple M1","Darwin 25.2.0","clang 17.0.0 (clang-1700.6.3.2)",8,2026-01-30T17:58:13,ok
original,320,180,20,10,25,43,1,0,0,0,0.0218747,0,0.0218747,8612.69,60.7452,8612.71,60.7375,0,0,0,0,5.73572,3,1,1,1.152e+06,6.84587e+06,794859,794859,1,1,2026-01-30T17:23:36-ed540bb24003,"Apple M1","Darwin 25.2.0","clang 17.0.0 (clang-1700.6.3.2)",8,2026-01-30T17:58:14,ok
bvh,320,180,20,10,25,43,1,1,0,0,0.018028,0.0162777,0.0343057,3130.24,102.834,3130.27,102.842,0,0,0,0,5.47009,3,1,1,1.152e+06,6.84666e+06,2.18727e+06,2.18727e+06,2.75145,2.75145,2026-01-30T17:23:36-ed540bb24003,"Apple M1","Darwin 25.2.0","clang 17.0.0 (clang-1700.6.3.2)",8,2026-01-30T17:58:48,ok
bvh-mt,320,180,20,10,25,43,1,1,1,0,0.027236,0.0191527,0.0463887,3132.43,216.57,3132.48,216.567,0,0,0,0,5.47009,3,1,1,1.152e+06,6.84411e+06,2.18492e+06,2.18492e+06,2.74952,2.74952,2026-01-30T17:23:36-ed540bb24003,"Apple M1","Darwin 25.2.0","clang 17.0.0 (clang-1700.6.3.2)",8,2026-01-30T17:59:00,ok
gpu,320,180,20,10,25,43,0,0,0,1,0.0312503,0,0.0312503,269.539,2.59285,269.571,2.58436,0,0,266.129,2.54398,6.09509,3,1,8,1.152e+06,1.152e+06,4.27396e+06,534245,31.9534,3.99417,2026-01-30T17:23:36-ed540bb24003,"Apple M1","Darwin 25.2.0","clang 17.0.0 (clang-1700.6.3.2)",8,2026-01-30T17:59:13,ok
original,320,180,20,10,25,43,2,0,0,0,0.0310833,0,0.0310833,8589.68,28.6582,8589.72,28.6397,0,0,0,0,5.73572,3,1,1,1.152e+06,6.84668e+06,797081,797081,1,1,2026-01-30T17:23:36-ed540bb24003,"Apple M1","Darwin 25.2.0","clang 17.0.0 (clang-1700.6.3.2)",8,2026-01-30T17:59:14,ok
bvh,320,180,20,10,25,43,2,1,0,0,0.016375,0.016,0.032375,3204.46,261.677,3204.49,261.683,0,0,0,0,5.47009,3,1,1,1.152e+06,6.84442e+06,2.13591e+06,2.13591e+06,2.68054,2.68054,2026-01-30T17:23:36-ed540bb24003,"Apple M1","Darwin 25.2.0","clang 17.0.0 (clang-1700.6.3.2)",8,2026-01-30T17:59:49,ok
bvh-mt,320,180,20,10,25,43,2,1,1,0,0.012778,0.0157083,0.0284863,1842.5,235.543,1842.53,235.545,0.0243333,0.00162558,0,0,5.47009,3,1,2,1.152e+06,6.8469e+06,3.71609e+06,1.85805e+06,4.66198,2.33099,2026-01-30T17:23:36-ed540bb24003,"Apple M1","Darwin 25.2.0","clang 17.0.0 (clang-1700.6.3.2)",8,2026-01-30T18:00:02,ok
gpu,320,180,20,10,25,43,0,0,0,1,0.0326387,0,0.0326387,269.118,2.64894,269.151,2.64182,0,0,265.756,2.63273,6.09509,3,1,8,1.152e+06,1.152e+06,4.28065e+06,535081,31.9179,3.98973,2026-01-30T17:23:36-ed540bb24003,"Apple M1","Darwin 25.2.0","clang 17.0.0 (clang-1700.6.3.2)",8,2026-01-30T18:00:09,ok
original,320,180,20,10,25,43,3,0,0,0,0.021139,0,0.021139,8594.8,29.1922,8594.82,29.1973,0,0,0,0,5.73572,3,1,1,1.152e+06,6.84299e+06,796178,796178,1,1,2026-01-30T17:23:36-ed540bb24003,"Apple M1","Darwin 25.2.0","clang 17.0.0 (clang-1700.6.3.2)",8,2026-01-30T18:00:10,ok
bvh,320,180,20,10,25,43,3,1,0,0,0.0163193,0.0155417,0.031861,3292.67,305.904,3292.71,305.908,0,0,0,0,5.47009,3,1,1,1.152e+06,6.84795e+06,2.07975e+06,2.07975e+06,2.61028,2.61028,2026-01-30T17:23:36-ed540bb24003,"Apple M1","Darwin 25.2.0","clang 17.0.0 (clang-1700.6.3.2)",8,2026-01-30T18:00:44,ok
bvh-mt,320,180,20,10,25,43,3,1,1,0,0.0128753,0.0157633,0.0286387,1412.59,108.864,1412.62,108.866,0.0320413,0.00381881,0,0,5.47009,3,1,3,1.152e+06,6.84557e+06,4.84611e+06,1.61537e+06,6.08442,2.02814,2026-01-30T17:23:36-ed540bb24003,"Apple M1","Darwin 25.2.0","clang 17.0.0 (clang-1700.6.3.2)",8,2026-01-30T18:00:57,ok
gpu,320,180,20,10,25,43,0,0,0,1,0.0295973,0,0.0295973,269.619,3.53597,269.649,3.5375,0,0,266.246,2.99945,6.09509,3,1,8,1.152e+06,1.152e+06,4.27269e+06,534087,31.8775,3.98469,2026-01-30T17:23:36-ed540bb24003,"Apple M1","Darwin 25.2.0","clang 17.0.0 (clang-1700.6.3.2)",8,2026-01-30T18:01:03,ok
original,320,180,20,10,25,43,4,0,0,0,0.027583,0,0.027583,8635.9,67.7813,8635.93,67.7663,0,0,0,0,5.73572,3,1,1,1.152e+06,6.84791e+06,792958,792958,1,1,2026-01-30T17:23:36-ed540bb24003,"Apple M1","Darwin 25.2.0","clang 17.0.0 (clang-1700.6.3.2)",8,2026-01-30T18:01:04,ok
bvh,320,180,20,10,25,43,4,1,0,0,0.026153,0.0187917,0.0449447,3401.66,138.094,3401.71,138.092,0,0,0,0,5.47009,3,1,1,1.152e+06,6.84556e+06,2.01242e+06,2.01242e+06,2.53873,2.53873,2026-01-30T17:23:36-ed540bb24003,"Apple M1","Darwin 25.2.0","clang 17.0.0 (clang-1700.6.3.2)",8,2026-01-30T18:01:39,ok
bvh-mt,320,180,20,10,25,43,4,1,1,0,0.0114027,0.0145137,0.0259163,1156.03,58.6098,1156.06,58.6141,0.034639,0.00657648,0,0,5.47009,3,1,4,1.152e+06,6.84867e+06,5.92429e+06,1.48107e+06,7.47029,1.86757,2026-01-30T17:23:36-ed540bb24003,"Apple M1","Darwin 25.2.0","clang 17.0.0 (clang-1700.6.3.2)",8,2026-01-30T18:01:52,ok
gpu,320,180,20,10,25,43,0,0,0,1,0.0326667,0,0.0326667,270.348,2.05086,270.38,2.05622,0,0,265.621,1.35008,6.09509,3,1,8,1.152e+06,1.152e+06,4.26118e+06,532647,31.9437,3.99296,2026-01-30T17:23:36-ed540bb24003,"Apple M1","Darwin 25.2.0","clang 17.0.0 (clang-1700.6.3.2)",8,2026-01-30T18:01:57,ok
original,320,180,20,10,25,43,5,0,0,0,0.0263747,0,0.0263747,8594.7,8.88495,8594.73,8.90013,0,0,0,0,5.82947,3,1,1,1.152e+06,6.84715e+06,796671,796671,1,1,2026-01-30T17:23:36-ed540bb24003,"Apple M1","Darwin 25.2.0","clang 17.0.0 (clang-1700.6.3.2)",8,2026-01-30T18:01:58,ok
bvh,320,180,20,10,25,43,5,1,0,0,0.014889,0.013403,0.028292,3602.72,389.439,3602.74,389.442,0,0,0,0,5.47009,3,1,1,1.152e+06,6.84573e+06,1.90016e+06,1.90016e+06,2.38562,2.38562,2026-01-30T17:23:36-ed540bb24003,"Apple M1","Darwin 25.2.0","clang 17.0.0 (clang-1700.6.3.2)",8,2026-01-30T18:02:32,ok
bvh-mt,320,180,20,10,25,43,5,1,1,0,0.010375,0.014736,0.025111,1088.83,16.1965,1088.86,16.1952,0.0432913,0.00779665,0,0,5.47009,3,1,5,1.152e+06,6.84555e+06,6.28705e+06,1.25741e+06,7.89351,1.5787,2026-01-30T17:23:36-ed540bb24003,"Apple M1","Darwin 25.2.0","clang 17.0.0 (clang-1700.6.3.2)",8,2026-01-30T18:02:46,ok
gpu,320,180,20,10,25,43,0,0,0,1,0.0403057,0,0.0403057,269.452,1.63822,269.493,1.6368,0,0,265.06,0.931315,6.09509,3,1,8,1.152e+06,1.152e+06,4.27534e+06,534417,31.8969,3.98712,2026-01-30T17:23:36-ed540bb24003,"Apple M1","Darwin 25.2.0","clang 17.0.0 (clang-1700.6.3.2)",8,2026-01-30T18:02:51,ok
original,320,180,20,10,25,43,6,0,0,0,0.0253887,0,0.0253887,8585.2,2.02878,8585.22,2.0441,0,0,0,0,5.73572,3,1,1,1.152e+06,6.84936e+06,797811,797811,1,1,2026-01-30T17:23:36-ed540bb24003,"Apple M1","Darwin 25.2.0","clang 17.0.0 (clang-1700.6.3.2)",8,2026-01-30T18:02:52,ok
bvh,320,180,20,10,25,43,6,1,0,0,0.0141667,0.0156807,0.0298473,3361.41,258.892,3361.44,258.893,0,0,0,0,5.47009,3,1,1,1.152e+06,6.84033e+06,2.03496e+06,2.03496e+06,2.55404,2.55404,2026-01-30T17:23:36-ed540bb24003,"Apple M1","Darwin 25.2.0","clang 17.0.0 (clang-1700.6.3.2)",8,2026-01-30T18:03:26,ok
bvh-mt,320,180,20,10,25,43,6,1,1,0,0.00930533,0.0137637,0.023069,1082.86,90.0505,1082.88,90.0495,0.049542,0.00684714,0,0,5.47009,3,1,6,1.152e+06,6.84753e+06,6.32357e+06,1.05393e+06,7.92827,1.32138,2026-01-30T17:23:36-ed540bb24003,"Apple M1","Darwin 25.2.0","clang 17.0.0 (clang-1700.6.3.2)",8,2026-01-30T18:03:40,ok
gpu,320,180,20,10,25,43,0,0,0,1,0.0364583,0,0.0364583,271.069,3.70591,271.106,3.6967,0,0,267.159,3.73104,6.09509,3,1,8,1.152e+06,1.152e+06,4.24984e+06,531230,31.6716,3.95895,2026-01-30T17:23:36-ed540bb24003,"Apple M1","Darwin 25.2.0","clang 17.0.0 (clang-1700.6.3.2)",8,2026-01-30T18:03:44,ok
original,320,180,20,10,25,43,7,0,0,0,0.037208,0,0.037208,8602.04,54.1804,8602.08,54.1615,0,0,0,0,5.73572,3,1,1,1.152e+06,6.84974e+06,796293,796293,1,1,2026-01-30T17:23:36-ed540bb24003,"Apple M1","Darwin 25.2.0","clang 17.0.0 (clang-1700.6.3.2)",8,2026-01-30T18:03:45,ok
bvh,320,180,20,10,25,43,7,1,0,0,0.0139027,0.0151943,0.029097,3369.94,203.154,3369.97,203.154,0,0,0,0,5.47009,3,1,1,1.152e+06,6.84611e+06,2.03152e+06,2.03152e+06,2.55258,2.55258,2026-01-30T17:23:36-ed540bb24003,"Apple M1","Darwin 25.2.0","clang 17.0.0 (clang-1700.6.3.2)",8,2026-01-30T18:04:20,ok
bvh-mt,320,180,20,10,25,43,7,1,1,0,0.019736,0.013972,0.033708,987.452,106.071,987.486,106.058,0.0565557,0.00421189,0,0,5.47009,3,1,7,1.152e+06,6.84607e+06,6.93307e+06,990438,8.71135,1.24448,2026-01-30T17:23:36-ed540bb24003,"Apple M1","Darwin 25.2.0","clang 17.0.0 (clang-1700.6.3.2)",8,2026-01-30T18:04:33,ok
gpu,320,180,20,10,25,43,0,0,0,1,0.028875,0,0.028875,270.103,2.31122,270.132,2.30885,0,0,266.334,2.72845,6.09509,3,1,8,1.152e+06,1.152e+06,4.26504e+06,533130,31.8473,3.98091,2026-01-30T17:23:36-ed540bb24003,"Apple M1","Darwin 25.2.0","clang 17.0.0 (clang-1700.6.3.2)",8,2026-01-30T18:04:37,ok
original,320,180,20,10,25,43,8,0,0,0,0.014347,0,0.014347,8590.99,24.1634,8591.01,24.1621,0,0,0,0,5.82947,3,1,1,1.152e+06,6.84339e+06,796578,796578,1,1,2026-01-30T17:23:36-ed540bb24003,"Apple M1","Darwin 25.2.0","clang 17.0.0 (clang-1700.6.3.2)",8,2026-01-30T18:04:38,ok
bvh,320,180,20,10,25,43,8,1,0,0,0.01075,0.0146943,0.0254443,3415.27,274.644,3415.3,274.642,0,0,0,0,5.47009,3,1,1,1.152e+06,6.84452e+06,2.00409e+06,2.00409e+06,2.51546,2.51546,2026-01-30T17:23:36-ed540bb24003,"Apple M1","Darwin 25.2.0","clang 17.0.0 (clang-1700.6.3.2)",8,2026-01-30T18:05:13,ok
bvh-mt,320,180,20,10,25,43,8,1,1,0,0.009514,0.0150833,0.0245973,968.193,27.8798,968.217,27.879,0.0593057,0.00541129,0,0,5.47009,3,1,8,1.152e+06,6.84358e+06,7.06841e+06,883551,8.87323,1.10915,2026-01-30T17:23:36-ed540bb24003,"Apple M1","Darwin 25.2.0","clang 17.0.0 (clang-1700.6.3.2)",8,2026-01-30T18:05:27,ok
gpu,320,180,20,10,25,43,0,0,0,1,0.0342363,0,0.0342363,269.65,1.34627,269.685,1.33632,0,0,265.504,1.96853,6.09509,3,1,8,1.152e+06,1.152e+06,4.2722e+06,534025,31.8597,3.98247,2026-01-30T17:23:36-ed540bb24003,"Apple M1","Darwin 25.2.0","clang 17.0.0 (clang-1700.6.3.2)",8,2026-01-30T18:05:30,ok
original,320,180,20,10,100,118,1,0,0,0,0.0433887,0,0.0433887,13448.3,32.8272,13448.3,32.8123,0,0,0,0,5.47009,3,1,1,1.152e+06,6.92422e+06,514879,514879,1,1,2026-01-30T17:23:36-ed540bb24003,"Apple M1","Darwin 25.2.0","clang 17.0.0 (clang-1700.6.3.2)",8,2026-01-30T18:05:32,ok
bvh,320,180,20,10,100,118,1,1,0,0,0.0178333,0.0408473,0.0586807,4199.54,281.342,4199.59,281.348,0,0,0,0,5.47009,3,1,1,1.152e+06,6.92333e+06,1.64859e+06,1.64859e+06,3.20232,3.20232,2026-01-30T17:23:36-ed540bb24003,"Apple M1","Darwin 25.2.0","clang 17.0.0 (clang-1700.6.3.2)",8,2026-01-30T18:06:25,ok
bvh-mt,320,180,20,10,100,118,1,1,1,0,0.0229587,0.0414863,0.064445,3959.37,250.036,3959.44,250.033,0,0,0,0,5.47009,3,1,1,1.152e+06,6.92845e+06,1.74988e+06,1.74988e+06,3.39656,3.39656,2026-01-30T17:23:36-ed540bb24003,"Apple M1","Darwin 25.2.0","clang 17.0.0 (clang-1700.6.3.2)",8,2026-01-30T18:06:42,ok
gpu,320,180,20,10,100,118,0,0,0,1,0.055097,0,0.055097,428.122,2.29009,428.177,2.28554,0,0,424.192,2.59812,6.09509,3,1,8,1.152e+06,1.152e+06,2.69082e+06,336352,31.4122,3.92652,2026-01-30T17:23:36-ed540bb24003,"Apple M1","Darwin 25.2.0","clang 17.0.0 (clang-1700.6.3.2)",8,2026-01-30T18:06:59,ok
